-- MySQL dump 10.16  Distrib 10.1.19-MariaDB, for Win64 (AMD64)
--
-- Host: localhost    Database: localhost
-- ------------------------------------------------------
-- Server version	10.1.19-MariaDB

/*!40101 SET @OLD_CHARACTER_SET_CLIENT=@@CHARACTER_SET_CLIENT */;
/*!40101 SET @OLD_CHARACTER_SET_RESULTS=@@CHARACTER_SET_RESULTS */;
/*!40101 SET @OLD_COLLATION_CONNECTION=@@COLLATION_CONNECTION */;
/*!40101 SET NAMES utf8 */;
/*!40103 SET @OLD_TIME_ZONE=@@TIME_ZONE */;
/*!40103 SET TIME_ZONE='+00:00' */;
/*!40014 SET @OLD_UNIQUE_CHECKS=@@UNIQUE_CHECKS, UNIQUE_CHECKS=0 */;
/*!40014 SET @OLD_FOREIGN_KEY_CHECKS=@@FOREIGN_KEY_CHECKS, FOREIGN_KEY_CHECKS=0 */;
/*!40101 SET @OLD_SQL_MODE=@@SQL_MODE, SQL_MODE='NO_AUTO_VALUE_ON_ZERO' */;
/*!40111 SET @OLD_SQL_NOTES=@@SQL_NOTES, SQL_NOTES=0 */;

--
-- Table structure for table `t_address`
--

DROP TABLE IF EXISTS `t_address`;
/*!40101 SET @saved_cs_client     = @@character_set_client */;
/*!40101 SET character_set_client = utf8 */;
CREATE TABLE `t_address` (
  `address_id` int(11) NOT NULL AUTO_INCREMENT,
  `user_id` int(11) NOT NULL,
  `consignee` varchar(255) NOT NULL COMMENT '收货人',
  `phone_num` varchar(20) NOT NULL COMMENT '手机号',
  `zip_cord` varchar(20) DEFAULT NULL COMMENT '邮政编码',
  `address` varchar(255) DEFAULT NULL,
  PRIMARY KEY (`address_id`),
  KEY `address_id` (`address_id`) USING BTREE,
  KEY `user_id` (`user_id`) USING BTREE,
  CONSTRAINT `custome_id` FOREIGN KEY (`user_id`) REFERENCES `t_user` (`user_id`) ON DELETE CASCADE ON UPDATE NO ACTION
) ENGINE=InnoDB AUTO_INCREMENT=3 DEFAULT CHARSET=utf8;
/*!40101 SET character_set_client = @saved_cs_client */;

--
-- Dumping data for table `t_address`
--

LOCK TABLES `t_address` WRITE;
/*!40000 ALTER TABLE `t_address` DISABLE KEYS */;
INSERT INTO `t_address` VALUES (1,2,'张三','13456789087','222431','江苏盐城东台市'),(2,2,'张三','11311331333','345667','上海市宝山区杨行镇个斤斤计较或或军军或扩军扩女');
/*!40000 ALTER TABLE `t_address` ENABLE KEYS */;
UNLOCK TABLES;

--
-- Table structure for table `t_apply_repair`
--

DROP TABLE IF EXISTS `t_apply_repair`;
/*!40101 SET @saved_cs_client     = @@character_set_client */;
/*!40101 SET character_set_client = utf8 */;
CREATE TABLE `t_apply_repair` (
  `repair_id` int(11) NOT NULL AUTO_INCREMENT,
  `customer_name` varchar(255) DEFAULT NULL,
  `item_model_num` varchar(100) NOT NULL COMMENT '产品型号',
  `repair_position` varchar(255) DEFAULT NULL COMMENT '维修部位',
  `damaged_reason` varchar(255) DEFAULT NULL COMMENT '损坏原因',
  `apply_state` int(2) DEFAULT NULL COMMENT '申请维修处理状态',
  `repair_date` int(11) DEFAULT NULL,
  `create_date` int(11) DEFAULT NULL,
  `item_code` varchar(255) NOT NULL,
  PRIMARY KEY (`repair_id`),
  KEY `re_item_id` (`item_model_num`),
  KEY `repair_id` (`repair_id`) USING BTREE
) ENGINE=InnoDB DEFAULT CHARSET=utf8;
/*!40101 SET character_set_client = @saved_cs_client */;

--
-- Dumping data for table `t_apply_repair`
--

LOCK TABLES `t_apply_repair` WRITE;
/*!40000 ALTER TABLE `t_apply_repair` DISABLE KEYS */;
/*!40000 ALTER TABLE `t_apply_repair` ENABLE KEYS */;
UNLOCK TABLES;

--
-- Table structure for table `t_attribute_input_type`
--

DROP TABLE IF EXISTS `t_attribute_input_type`;
/*!40101 SET @saved_cs_client     = @@character_set_client */;
/*!40101 SET character_set_client = utf8 */;
CREATE TABLE `t_attribute_input_type` (
  `attr_input_type_id` smallint(8) NOT NULL AUTO_INCREMENT COMMENT '属性输入类型ID，必填，主键，自增',
  `attr_input_type_name` varchar(20) NOT NULL DEFAULT '' COMMENT '属性输入类型的名称，必填',
  `attr_input_type_show_name` varchar(50) NOT NULL COMMENT '属性的输入类型的中文名称，用于前端显示，必填',
  PRIMARY KEY (`attr_input_type_id`),
  UNIQUE KEY `input_type_name_unique` (`attr_input_type_name`) USING BTREE
) ENGINE=InnoDB AUTO_INCREMENT=6 DEFAULT CHARSET=utf8;
/*!40101 SET character_set_client = @saved_cs_client */;

--
-- Dumping data for table `t_attribute_input_type`
--

LOCK TABLES `t_attribute_input_type` WRITE;
/*!40000 ALTER TABLE `t_attribute_input_type` DISABLE KEYS */;
INSERT INTO `t_attribute_input_type` VALUES (1,'text','文本框'),(2,'select','下拉列表框'),(3,'checkbox','多选按扭'),(4,'radio','单选按扭'),(5,'textarea','多行文本框');
/*!40000 ALTER TABLE `t_attribute_input_type` ENABLE KEYS */;
UNLOCK TABLES;

--
-- Table structure for table `t_attribute_type`
--

DROP TABLE IF EXISTS `t_attribute_type`;
/*!40101 SET @saved_cs_client     = @@character_set_client */;
/*!40101 SET character_set_client = utf8 */;
CREATE TABLE `t_attribute_type` (
  `attribute_type_id` int(11) NOT NULL AUTO_INCREMENT,
  `attribute_type_name` varchar(255) DEFAULT NULL,
  `attribute_type_show_name` varchar(255) DEFAULT NULL,
  PRIMARY KEY (`attribute_type_id`)
) ENGINE=InnoDB AUTO_INCREMENT=7 DEFAULT CHARSET=utf8;
/*!40101 SET character_set_client = @saved_cs_client */;

--
-- Dumping data for table `t_attribute_type`
--

LOCK TABLES `t_attribute_type` WRITE;
/*!40000 ALTER TABLE `t_attribute_type` DISABLE KEYS */;
INSERT INTO `t_attribute_type` VALUES (1,'basic','\r\n\r\n基本参数'),(2,'carBody','车身'),(3,'engine','发动机'),(4,'gearbox','变速箱'),(5,'chassis ','底盘转向'),(6,'wheel','车轮制动');
/*!40000 ALTER TABLE `t_attribute_type` ENABLE KEYS */;
UNLOCK TABLES;

--
-- Table structure for table `t_city_name`
--

DROP TABLE IF EXISTS `t_city_name`;
/*!40101 SET @saved_cs_client     = @@character_set_client */;
/*!40101 SET character_set_client = utf8 */;
CREATE TABLE `t_city_name` (
  `city_id` int(6) NOT NULL AUTO_INCREMENT,
  `city_name` varchar(60) NOT NULL,
  `spell_id` int(6) NOT NULL,
  PRIMARY KEY (`city_id`),
  KEY `spell_id` (`spell_id`),
  CONSTRAINT `spell_id` FOREIGN KEY (`spell_id`) REFERENCES `t_spell_letter` (`spell_id`) ON DELETE CASCADE ON UPDATE NO ACTION
) ENGINE=InnoDB DEFAULT CHARSET=utf8;
/*!40101 SET character_set_client = @saved_cs_client */;

--
-- Dumping data for table `t_city_name`
--

LOCK TABLES `t_city_name` WRITE;
/*!40000 ALTER TABLE `t_city_name` DISABLE KEYS */;
/*!40000 ALTER TABLE `t_city_name` ENABLE KEYS */;
UNLOCK TABLES;

--
-- Table structure for table `t_constant`
--

DROP TABLE IF EXISTS `t_constant`;
/*!40101 SET @saved_cs_client     = @@character_set_client */;
/*!40101 SET character_set_client = utf8 */;
CREATE TABLE `t_constant` (
  `id` int(11) NOT NULL AUTO_INCREMENT,
  `name` varchar(25) DEFAULT NULL,
  `value` varchar(25) DEFAULT NULL,
  `name_id` int(2) DEFAULT NULL,
  PRIMARY KEY (`id`)
) ENGINE=InnoDB AUTO_INCREMENT=28 DEFAULT CHARSET=utf8;
/*!40101 SET character_set_client = @saved_cs_client */;

--
-- Dumping data for table `t_constant`
--

LOCK TABLES `t_constant` WRITE;
/*!40000 ALTER TABLE `t_constant` DISABLE KEYS */;
INSERT INTO `t_constant` VALUES (1,'outLibaryReason','销售',1),(2,'outLibaryReason','破损',2),(3,'outLibaryReason','退货',3),(4,'outLibaryReason','维修',4),(5,'orderState','待付款',1),(6,'orderState','已付款',2),(7,'orderState','待发货',3),(8,'orderState','已发货',4),(9,'orderState','客户选车',5),(10,'orderState','待提车',6),(11,'orderState','退货',7),(12,'orderState','已退款',8),(13,'orderState','取消订单',9),(14,'lookCarState','预约成功',1),(15,'lookCarState','待处理',2),(16,'payMethod','线上支付',1),(17,'payMethod','线下支付',2),(18,'repairOrderState','待处理',1),(19,'repairOrderState','正在维修',2),(20,'repairOrderState','维修结束',3),(21,'repairOrderState','客户提车',4),(22,'hot','热卖好车',1),(23,'hot','最新上架',2),(24,'hot','降价销售',3),(25,'hot','有买有送',4),(26,'orderState','已提车',10),(27,'lookCarState','取消订单',9);
/*!40000 ALTER TABLE `t_constant` ENABLE KEYS */;
UNLOCK TABLES;

--
-- Table structure for table `t_customer`
--

DROP TABLE IF EXISTS `t_customer`;
/*!40101 SET @saved_cs_client     = @@character_set_client */;
/*!40101 SET character_set_client = utf8 */;
CREATE TABLE `t_customer` (
  `customer_id` int(11) NOT NULL AUTO_INCREMENT,
  `user_name` varchar(100) NOT NULL,
  `user_password` varchar(255) NOT NULL,
  `user_phone` varchar(20) DEFAULT NULL,
  `user_join_date` int(11) DEFAULT NULL,
  PRIMARY KEY (`customer_id`),
  KEY `customer_name_customer_password` (`user_name`,`user_password`) USING BTREE
) ENGINE=InnoDB DEFAULT CHARSET=utf8;
/*!40101 SET character_set_client = @saved_cs_client */;

--
-- Dumping data for table `t_customer`
--

LOCK TABLES `t_customer` WRITE;
/*!40000 ALTER TABLE `t_customer` DISABLE KEYS */;
/*!40000 ALTER TABLE `t_customer` ENABLE KEYS */;
UNLOCK TABLES;

--
-- Table structure for table `t_guestbook`
--

DROP TABLE IF EXISTS `t_guestbook`;
/*!40101 SET @saved_cs_client     = @@character_set_client */;
/*!40101 SET character_set_client = utf8 */;
CREATE TABLE `t_guestbook` (
  `guestBook_id` int(11) NOT NULL AUTO_INCREMENT,
  `guestBook_content` varchar(255) DEFAULT NULL,
  `user_id` int(11) NOT NULL,
  `guestBook_date` int(11) DEFAULT NULL,
  `reply_content` varchar(255) DEFAULT NULL,
  `handle_state` int(2) DEFAULT '2',
  `reply_date` int(11) DEFAULT NULL,
  PRIMARY KEY (`guestBook_id`)
) ENGINE=InnoDB AUTO_INCREMENT=15 DEFAULT CHARSET=utf8;
/*!40101 SET character_set_client = @saved_cs_client */;

--
-- Dumping data for table `t_guestbook`
--

LOCK TABLES `t_guestbook` WRITE;
/*!40000 ALTER TABLE `t_guestbook` DISABLE KEYS */;
INSERT INTO `t_guestbook` VALUES (2,'gxgxfdffg',2,1522996582,NULL,2,NULL),(3,'drertg',2,1522996682,NULL,2,NULL),(4,'ggfgf',2,1522996693,NULL,2,NULL),(5,'ytrtert',2,1522996710,NULL,2,NULL),(6,'sdfsdfd',2,1522996831,NULL,2,NULL),(7,'xcfgdfgf',2,1522996840,NULL,2,NULL),(8,'fghhrghh',2,1522996895,NULL,2,NULL),(9,'ddfghdfgdf',2,1522996904,NULL,2,NULL),(10,'tyrtyrtyrtyrtyrt',2,1522997113,NULL,2,NULL),(11,'yrtyrtyrtytr',2,1522997121,'gefgeger  ',1,1523339901),(12,'尔特瑞特让他',2,1523083185,NULL,2,NULL),(13,'月让他一人同意',2,1523083238,NULL,2,NULL),(14,'gdffgd',2,1523102292,NULL,2,NULL);
/*!40000 ALTER TABLE `t_guestbook` ENABLE KEYS */;
UNLOCK TABLES;

--
-- Table structure for table `t_item`
--

DROP TABLE IF EXISTS `t_item`;
/*!40101 SET @saved_cs_client     = @@character_set_client */;
/*!40101 SET character_set_client = utf8 */;
CREATE TABLE `t_item` (
  `item_id` bigint(20) NOT NULL AUTO_INCREMENT,
  `item_classification_id` int(11) NOT NULL COMMENT '商品类型',
  `item_shelf_time` int(11) DEFAULT NULL COMMENT '商品上加时间',
  `item_down_time` int(11) DEFAULT NULL COMMENT '下架时间',
  `item_hot` int(2) DEFAULT NULL,
  `item_name` varchar(255) DEFAULT NULL,
  `item_price` double(11,2) DEFAULT NULL,
  `item_color` varchar(20) DEFAULT NULL,
  `item_code` varchar(100) NOT NULL,
  `item_state` int(2) DEFAULT '1',
  `item_model` varchar(50) DEFAULT NULL,
  `item_series_name` varchar(255) DEFAULT NULL,
  `item_brand_name` varchar(255) DEFAULT NULL,
  PRIMARY KEY (`item_id`),
  KEY `item_classification_id` (`item_classification_id`) USING BTREE,
  KEY `item_series` (`item_series_name`),
  CONSTRAINT `item_classification_id` FOREIGN KEY (`item_classification_id`) REFERENCES `t_item_classification` (`item_classification_id`) ON DELETE CASCADE ON UPDATE NO ACTION
) ENGINE=InnoDB AUTO_INCREMENT=146 DEFAULT CHARSET=utf8;
/*!40101 SET character_set_client = @saved_cs_client */;

--
-- Dumping data for table `t_item`
--

LOCK TABLES `t_item` WRITE;
/*!40000 ALTER TABLE `t_item` DISABLE KEYS */;
INSERT INTO `t_item` VALUES (103,1,1523113474,NULL,1,'宝马',1234567.00,'黑色','ASDFGHYTRE12345',1,'宝马三系','宝马3系','宝马'),(104,1,1523113678,NULL,2,'宝马',4543332.00,'红色','POIUYTR5678',1,'宝马四系','宝马4系','宝马'),(105,1,1523113941,NULL,1,'奔驰',212212.00,'黑色','POLIKUJ0988',1,'BenA','奔驰A','奔驰'),(106,1,1523114136,NULL,1,'奔驰',3453.00,'黑色','LMKNJB098',1,'奔驰E','奔驰E','奔驰'),(107,1,1523114346,NULL,1,'别克',434.00,'红色','HUJIJOK0987',1,'别克君越','别克君越','别克'),(108,1,1523114592,NULL,1,'别克君威',87653.00,'红色','OPOPOPIUY098',1,'君威','别克君威','别克'),(109,1,1523114854,NULL,1,'本田思域',54544.00,'白色','LKJIUYTBGHJ8888',1,'思域','本田思域','本田'),(112,1,1523115813,NULL,1,'大众ST',45343.00,'白色','POIJNGDTU8796',1,'ST','大众ST','大众'),(113,1,1523116010,NULL,1,'福特福克斯',98867765.00,'黑色','QAWSEDRF4321',1,'福克斯','福特福克斯','福特'),(114,1,1523116145,NULL,1,'福特锐界',3435434.00,'黑色','OLIKUJYHTGT6788',1,'锐界','福特锐界','福特'),(115,1,1523116294,NULL,1,'丰田卡罗拉',343434.00,'蓝色','POIUHJFG123098',1,'科罗拉','丰田科罗拉','丰田'),(116,1,1523116424,NULL,1,'丰田汉兰达',87867.00,'红色','MKIRTFVBYU999',1,'汉兰达','丰田汉兰达','丰田'),(117,1,1523116528,NULL,1,'红旗7',978764.00,'黑色','MLOWRTYIO097',1,'h7','红旗H7','红旗'),(118,1,1523116631,NULL,1,'吉普指南者',76575.00,'黑色','POFDRTUNBVC5670',1,'指南者','吉普指南者','吉普'),(119,1,1523116765,NULL,1,'凯迪拉克CT6',65465454.00,'白色','WMISAOPUY785',1,'CT6','凯迪拉克CT6','凯迪拉克'),(120,1,1523116896,NULL,1,'雷克萨斯NX',6546564.00,'白色','TYUIOPTGHK987',1,'NX','雷克萨斯NX','雷克萨斯'),(121,1,1523117028,NULL,1,'林肯大陆',5567890.00,'白色','GHBNFVCDRTY7896',1,'大陆','林肯大陆','林肯'),(122,1,1523117185,NULL,1,'马自达MZ6',542345.00,'白色','YBUNIMTREP0975',1,'MZ6','马自达MZ6','马自达'),(123,1,1523117303,NULL,1,'现代X35',76567546.00,'白色','QAZMOKLPIU9468',1,'X35','现代X35','现代'),(124,2,1523117392,NULL,1,'发动机',2344.00,'白色','PLOKIJ098765',1,'通用','宝马','宝马'),(125,2,1523117485,NULL,2,'液压缸',54.00,'蓝色','EDCRFTGUN908',1,'通用','别克','别克'),(126,2,1523333370,NULL,2,'发动机',123.00,'黑色','OIPUYTR567',1,'规划图','奥迪','奥迪A3'),(128,2,1523338492,NULL,1,'发顺丰收到',33.00,'让他','LOKIJYHNVD1234',1,'发送到','卡罗拉','丰田'),(129,1,1523435483,NULL,1,'5454',4545.00,'545','545',1,'545','奥迪A3','奥迪'),(130,1,1523435626,NULL,1,'fgf',677.00,'jhvbjh','jhff',1,',.bcg','宝马2系','宝马'),(131,1,1523435722,NULL,1,'fs ',4.00,'ret ','tret ',1,'tre ','奥迪A3','奥迪'),(132,1,1523435931,NULL,1,'sgsdf',55.00,'5tertt','5555tert',1,'5654','宝马2系','宝马'),(133,1,1523436027,NULL,1,'ergert ',454.00,'4r435','rg g',1,'gfg ','奥迪A3','奥迪'),(134,1,1523436127,NULL,1,'wr ',55.00,'erter','uykj',1,'jhhgj ','奔驰A级','奔驰'),(135,1,1523436179,NULL,1,'rthtyruyt',33.00,'ertr','rtyrthrt',1,'tytrytryrt','奥迪A3','奥迪'),(143,1,1523453280,NULL,1,'',0.00,'','tgtgtg',1,'','全部','全部'),(144,1,1523453748,NULL,1,'rtrt',5.00,'t','ftrtr4444',1,'4444','奥迪A3','奥迪'),(145,1,1523508431,NULL,1,'ewrew',5.00,'6','6676',1,'666','奥迪A3','奥迪');
/*!40000 ALTER TABLE `t_item` ENABLE KEYS */;
UNLOCK TABLES;

--
-- Table structure for table `t_item_attribute`
--

DROP TABLE IF EXISTS `t_item_attribute`;
/*!40101 SET @saved_cs_client     = @@character_set_client */;
/*!40101 SET character_set_client = utf8 */;
CREATE TABLE `t_item_attribute` (
  `attribute_id` int(11) NOT NULL AUTO_INCREMENT COMMENT '商品属性id',
  `item_attr_name` varchar(255) NOT NULL DEFAULT '' COMMENT '商品属性名称',
  `attr_input_type_id` smallint(8) NOT NULL,
  PRIMARY KEY (`attribute_id`),
  KEY `attr_input_type_id` (`attr_input_type_id`),
  KEY `attribute_id` (`attribute_id`) USING BTREE,
  CONSTRAINT `attr_input_type_id` FOREIGN KEY (`attr_input_type_id`) REFERENCES `t_attribute_input_type` (`attr_input_type_id`) ON DELETE CASCADE ON UPDATE NO ACTION
) ENGINE=InnoDB AUTO_INCREMENT=62 DEFAULT CHARSET=utf8;
/*!40101 SET character_set_client = @saved_cs_client */;

--
-- Dumping data for table `t_item_attribute`
--

LOCK TABLES `t_item_attribute` WRITE;
/*!40000 ALTER TABLE `t_item_attribute` DISABLE KEYS */;
INSERT INTO `t_item_attribute` VALUES (1,'厂商',1),(2,'级别',1),(3,'上市时间',1),(4,'发动机',1),(5,'进气形式',1),(6,'最大马力(PS)',1),(7,'最大扭矩(N·m)',1),(9,'最高车速',1),(10,'油耗',1),(11,'车身结构(几厢车)',1),(12,'长度',1),(13,'宽度',1),(14,'高度',1),(15,'轴距',1),(16,'前轮距',1),(17,'后轮距',1),(18,'最小离地间隙',1),(19,'车重',1),(21,'车门个数',1),(22,'座位个数',1),(23,'油箱容积',1),(24,'行李箱容积',1),(25,'行李箱最大容积',1),(26,'发动机型号',1),(27,'排量',1),(28,'最大功率',1),(29,'最大功率转速',1),(30,'气缸排列形式',1),(31,'气缸个数(个)',1),(32,'每缸气门数(个)',1),(33,'压缩比',1),(34,'配气机构',1),(35,'缸径',1),(36,'行程',1),(37,'燃料形式',1),(38,'燃油标号',1),(39,'供油方式',1),(40,'缸盖材料',1),(41,'缸体材料',1),(42,'排放标准',1),(43,'档位个数',1),(44,'变速箱类型',1),(45,'驱动方式',1),(46,'前悬挂类型',1),(47,'后悬挂类型',1),(48,'转向助力类型',1),(49,'车体结构',1),(50,'前制动器类型',1),(51,'后制动器类型',1),(52,'驻车制动类型',1),(53,'前轮胎规格',1),(54,'后轮胎规格',1),(55,'备胎规格',1),(60,'出厂日期',1),(61,'配件类型',1);
/*!40000 ALTER TABLE `t_item_attribute` ENABLE KEYS */;
UNLOCK TABLES;

--
-- Table structure for table `t_item_attribute_value`
--

DROP TABLE IF EXISTS `t_item_attribute_value`;
/*!40101 SET @saved_cs_client     = @@character_set_client */;
/*!40101 SET character_set_client = utf8 */;
CREATE TABLE `t_item_attribute_value` (
  `item_attr_id` int(11) NOT NULL AUTO_INCREMENT,
  `attribute_id` int(11) NOT NULL COMMENT '属性id',
  `item_id` bigint(20) NOT NULL COMMENT '商品id',
  `item_attr_value` varchar(255) DEFAULT NULL COMMENT '属性值',
  `attribute_type_id` int(11) NOT NULL,
  PRIMARY KEY (`item_attr_id`),
  KEY `item_attr_id` (`item_attr_id`) USING BTREE,
  KEY `attr_value_attr_id` (`attribute_id`,`item_attr_value`) USING BTREE,
  KEY `item_id_attr_id` (`item_id`,`attribute_id`) USING BTREE,
  KEY `attribute_type_id` (`attribute_type_id`),
  CONSTRAINT `attr_ids` FOREIGN KEY (`attribute_id`) REFERENCES `t_item_attribute` (`attribute_id`) ON DELETE CASCADE ON UPDATE NO ACTION,
  CONSTRAINT `attr_item_id` FOREIGN KEY (`item_id`) REFERENCES `t_item` (`item_id`) ON DELETE CASCADE ON UPDATE NO ACTION,
  CONSTRAINT `attribute_type_id` FOREIGN KEY (`attribute_type_id`) REFERENCES `t_attribute_type` (`attribute_type_id`) ON DELETE CASCADE ON UPDATE NO ACTION
) ENGINE=InnoDB AUTO_INCREMENT=3097 DEFAULT CHARSET=utf8;
/*!40101 SET character_set_client = @saved_cs_client */;

--
-- Dumping data for table `t_item_attribute_value`
--

LOCK TABLES `t_item_attribute_value` WRITE;
/*!40000 ALTER TABLE `t_item_attribute_value` DISABLE KEYS */;
INSERT INTO `t_item_attribute_value` VALUES (987,9,103,'345',1),(988,4,103,'常发',1),(989,5,103,'送风',1),(990,1,103,'宝马',1),(991,10,103,'1.8',1),(993,6,103,'345',1),(994,2,103,'中型',1),(996,7,103,'23',1),(997,3,103,'2018-9',1),(998,60,103,'待定',1),(999,24,103,'34',2),(1000,16,103,'343',2),(1001,21,103,'4',2),(1002,13,103,'343',2),(1003,25,103,'434',2),(1004,17,103,'43',2),(1005,22,103,'5',2),(1006,14,103,'44',2),(1007,18,103,'454',2),(1008,11,103,'454',2),(1009,23,103,'454',2),(1010,15,103,'454',2),(1011,19,103,'54',2),(1012,12,103,'5445',2),(1013,31,103,'5',3),(1014,42,103,'454',3),(1015,35,103,'454',3),(1016,28,103,'54',3),(1017,39,103,'454',3),(1018,32,103,'454',3),(1019,36,103,'345',3),(1020,29,103,'34',3),(1021,40,103,'铁',3),(1022,33,103,'3',3),(1023,26,103,'热热热',3),(1024,37,103,'给人',3),(1025,30,103,'烦人',3),(1026,41,103,'放到',3),(1027,34,103,'防守打法',3),(1028,27,103,'1.8',3),(1029,38,103,'97',3),(1030,43,103,'7',4),(1031,44,103,'自动',4),(1032,49,103,'日发售的',5),(1033,46,103,'反倒是',5),(1034,47,103,' 少放点',5),(1035,48,103,'防守打法',5),(1036,45,103,'发送到',5),(1037,54,103,'发送到',6),(1038,53,103,'佛挡杀佛',6),(1039,50,103,'发送到',6),(1040,55,103,'是的发个',6),(1041,51,103,'送风',6),(1042,52,103,'饭',6),(1043,9,104,'343',1),(1044,4,104,'个人',1),(1045,5,104,'分隔符',1),(1046,1,104,'宝马',1),(1047,10,104,'给对方',1),(1049,6,104,'345',1),(1050,2,104,'小型',1),(1052,7,104,'45',1),(1053,3,104,'2017-9',1),(1054,60,104,'2017-10',1),(1055,24,104,'45',2),(1056,16,104,'545',2),(1057,21,104,'454',2),(1058,13,104,'454',2),(1059,25,104,'454',2),(1060,17,104,'454',2),(1061,22,104,'454',2),(1062,14,104,'54',2),(1063,18,104,'54',2),(1064,11,104,'45',2),(1065,23,104,'454',2),(1066,15,104,'54',2),(1067,19,104,'54',2),(1068,12,104,'454',2),(1069,31,104,'545',3),(1070,42,104,'454',3),(1071,35,104,'454',3),(1072,28,104,'54',3),(1073,39,104,'454',3),(1074,32,104,'454',3),(1075,36,104,'454',3),(1076,29,104,'454',3),(1077,40,104,'454',3),(1078,33,104,'454',3),(1079,26,104,'454',3),(1080,37,104,'454',3),(1081,30,104,'4545',3),(1082,41,104,'铁',3),(1083,34,104,'re热',3),(1084,27,104,'43',3),(1085,38,104,'434',3),(1086,43,104,'343',4),(1087,44,104,'343',4),(1088,49,104,'43',5),(1089,46,104,'343',5),(1090,47,104,'343',5),(1091,48,104,'43',5),(1092,45,104,'343',5),(1093,54,104,'434',6),(1094,53,104,'43',6),(1095,50,104,'343',6),(1096,55,104,'343',6),(1097,51,104,'343',6),(1098,52,104,'34',6),(1099,9,105,'343',1),(1100,4,105,'给对方',1),(1101,5,105,'发送到',1),(1102,1,105,'奔驰',1),(1103,10,105,'2.1',1),(1105,6,105,'343',1),(1106,2,105,'大型',1),(1108,7,105,'534',1),(1109,3,105,'2018-10',1),(1110,60,105,'待定',1),(1111,24,105,'3',2),(1112,16,105,'43',2),(1113,21,105,'4',2),(1114,13,105,'435',2),(1115,25,105,'5345',2),(1116,17,105,'43',2),(1117,22,105,'6',2),(1118,14,105,'4',2),(1119,18,105,'545',2),(1120,11,105,'re4',2),(1121,23,105,'5434',2),(1122,15,105,'544',2),(1123,19,105,'354345',2),(1124,12,105,'5454',2),(1125,31,105,'4',3),(1126,42,105,'54',3),(1127,35,105,'545',3),(1128,28,105,'544',3),(1129,39,105,'544',3),(1130,32,105,'5',3),(1131,36,105,'54',3),(1132,29,105,'454',3),(1133,40,105,'454',3),(1134,33,105,'544',3),(1135,26,105,'454',3),(1136,37,105,'54',3),(1137,30,105,'454',3),(1138,41,105,'454',3),(1139,34,105,'454',3),(1140,27,105,'54',3),(1141,38,105,'45',3),(1142,43,105,'454',4),(1143,44,105,'45',4),(1144,49,105,'544',5),(1145,46,105,'454',5),(1146,47,105,'454',5),(1147,48,105,'454',5),(1148,45,105,'45',5),(1149,54,105,'454',6),(1150,53,105,'454',6),(1151,50,105,'454',6),(1152,55,105,'45',6),(1153,51,105,'454',6),(1154,52,105,'454',6),(1155,9,106,'454',1),(1156,4,106,'54',1),(1157,5,106,'544',1),(1158,1,106,'奔驰',1),(1159,10,106,'1.9',1),(1161,6,106,'发根深蒂固',1),(1162,2,106,'大型',1),(1164,7,106,'54',1),(1165,3,106,'2017-8',1),(1166,60,106,'2017-9',1),(1167,24,106,'54',2),(1168,16,106,'54',2),(1169,21,106,'4',2),(1170,13,106,'5454',2),(1171,25,106,'54',2),(1172,17,106,'454',2),(1173,22,106,'5',2),(1174,14,106,'454',2),(1175,18,106,'54',2),(1176,11,106,'54',2),(1177,23,106,'544',2),(1178,15,106,'544',2),(1179,19,106,'544',2),(1180,12,106,'544',2),(1181,31,106,'564',3),(1182,42,106,'454',3),(1183,35,106,'544',3),(1184,28,106,'544',3),(1185,39,106,'454',3),(1186,32,106,'5',3),(1187,36,106,'45',3),(1188,29,106,'54',3),(1189,40,106,'54',3),(1190,33,106,'54',3),(1191,26,106,'454',3),(1192,37,106,'45',3),(1193,30,106,'454',3),(1194,41,106,'544',3),(1195,34,106,'54',3),(1196,27,106,'544',3),(1197,38,106,'454',3),(1198,43,106,'45',4),(1199,44,106,'45',4),(1200,49,106,'454',5),(1201,46,106,'45',5),(1202,47,106,'45',5),(1203,48,106,'54',5),(1204,45,106,'45',5),(1205,54,106,'544',6),(1206,53,106,'454',6),(1207,50,106,'45',6),(1208,55,106,'454',6),(1209,51,106,'45',6),(1210,52,106,'45',6),(1211,9,107,'5434',1),(1212,4,107,'4题35',1),(1213,5,107,'5345',1),(1214,1,107,'通用',1),(1215,10,107,'2',1),(1217,6,107,'54',1),(1218,2,107,'545',1),(1220,7,107,'5435',1),(1221,3,107,'354354',1),(1222,60,107,'4354',1),(1223,24,107,'454',2),(1224,16,107,'34543',2),(1225,21,107,'454',2),(1226,13,107,'54',2),(1227,25,107,'4543',2),(1228,17,107,'4543',2),(1229,22,107,'543',2),(1230,14,107,'特让他',2),(1231,18,107,'特然',2),(1232,11,107,'太热太热',2),(1233,23,107,'尔特人',2),(1234,15,107,'345345',2),(1235,19,107,'54',2),(1236,12,107,'34543',2),(1237,31,107,'34534',3),(1238,42,107,'3543',3),(1239,35,107,'5345',3),(1240,28,107,'特让他头疼疼',3),(1241,39,107,'34和认同与er',3),(1242,32,107,'34534',3),(1243,36,107,'特让他',3),(1244,29,107,'34534',3),(1245,40,107,'特让他',3),(1246,33,107,'特然',3),(1247,26,107,'尔特人',3),(1248,37,107,'二哥e',3),(1249,30,107,'饿热热',3),(1250,41,107,' 尔特',3),(1251,34,107,'个e',3),(1252,27,107,'他儿',3),(1253,38,107,' 尔特人',3),(1254,43,107,'尔特e',4),(1255,44,107,' 尔特 ',4),(1256,49,107,'特然y',5),(1257,46,107,'仕 ',5),(1258,47,107,'后台',5),(1259,48,107,' 特然',5),(1260,45,107,'羊肉汤',5),(1261,54,107,'更好',6),(1262,53,107,'他',6),(1263,50,107,'好e',6),(1264,55,107,'让他儿',6),(1265,51,107,'热的',6),(1266,52,107,'合同',6),(1267,9,108,'234',1),(1268,4,108,'个人',1),(1269,5,108,'反倒是',1),(1270,1,108,'通用',1),(1271,10,108,'34',1),(1273,6,108,'瑞特 ',1),(1274,2,108,'特让他',1),(1276,7,108,'集团与',1),(1277,3,108,'2017-9',1),(1278,60,108,'2017-10',1),(1279,24,108,'讨人厌',2),(1280,16,108,'同一人头',2),(1281,21,108,'4',2),(1282,13,108,'54',2),(1283,25,108,'544',2),(1284,17,108,'55',2),(1285,22,108,'5',2),(1286,14,108,'676',2),(1287,18,108,'7',2),(1288,11,108,'65',2),(1289,23,108,'56',2),(1290,15,108,'87',2),(1291,19,108,'53454',2),(1292,12,108,'545',2),(1293,31,108,'4',3),(1294,42,108,'4',3),(1295,35,108,'5',3),(1296,28,108,'454',3),(1297,39,108,'45',3),(1298,32,108,'6',3),(1299,36,108,'565',3),(1300,29,108,'56',3),(1301,40,108,'铁',3),(1302,33,108,'人头534',3),(1303,26,108,'铁儿t',3),(1304,37,108,'太热',3),(1305,30,108,'认为',3),(1306,41,108,'一i',3),(1307,34,108,'个人etyyt',3),(1308,27,108,'5',3),(1309,38,108,'565',3),(1310,43,108,'54',4),(1311,44,108,'45',4),(1312,49,108,'太热e',5),(1313,46,108,'个er',5),(1314,47,108,'热天',5),(1315,48,108,'儿',5),(1316,45,108,'-------',5),(1317,54,108,'尔特人',6),(1318,53,108,'尔特人',6),(1319,50,108,'尔特人',6),(1320,55,108,'个人',6),(1321,51,108,'ertyert',6),(1322,52,108,'特然',6),(1323,4,109,'个人',1),(1324,5,109,'发个',1),(1325,1,109,'本田',1),(1326,10,109,'24',1),(1328,6,109,'343',1),(1329,2,109,'43',1),(1331,7,109,'43',1),(1332,3,109,'2017-10',1),(1333,60,109,'2017=11',1),(1334,9,109,'343',1),(1335,21,109,'4',2),(1336,13,109,'4343',2),(1337,25,109,'544',2),(1338,17,109,'433',2),(1339,22,109,'5',2),(1340,14,109,'657',2),(1341,18,109,'56',2),(1342,11,109,'4',2),(1343,23,109,'55',2),(1344,15,109,'542',2),(1345,19,109,'222',2),(1346,12,109,'2245',2),(1347,24,109,'65',2),(1348,16,109,'656',2),(1349,35,109,'66',3),(1350,28,109,'65',3),(1351,39,109,'565',3),(1352,32,109,'6',3),(1353,36,109,'6556',3),(1354,29,109,'565',3),(1355,40,109,'56',3),(1356,33,109,'565',3),(1357,26,109,'同一家',3),(1358,37,109,'yer',3),(1359,30,109,'好人挺好让他',3),(1360,41,109,'发过火',3),(1361,34,109,'地方',3),(1362,27,109,'8',3),(1363,38,109,'97',3),(1364,31,109,'5',3),(1365,42,109,'热热',3),(1366,43,109,'4',4),(1367,44,109,'个儿',4),(1368,46,109,'让他热',5),(1369,47,109,'个er',5),(1370,48,109,'热',5),(1371,45,109,'电饭锅e',5),(1372,49,109,'ger',5),(1373,53,109,'rgd',6),(1374,54,109,'ge',6),(1375,50,109,'ergre',6),(1376,55,109,'个人',6),(1377,51,109,'个e',6),(1378,52,109,'个人',6),(1491,4,112,'大幅度',1),(1492,5,112,'地方',1),(1493,1,112,'大众',1),(1494,10,112,'1.2',1),(1496,6,112,'个人',1),(1497,2,112,'特然t',1),(1499,7,112,'让他也e',1),(1500,3,112,'尔特',1),(1501,60,112,'ertre',1),(1502,9,112,'尔特er',1),(1503,21,112,'尔特e',2),(1504,13,112,'二人台',2),(1505,25,112,'尔特',2),(1506,17,112,'',2),(1507,22,112,'',2),(1508,14,112,'',2),(1509,18,112,'',2),(1510,11,112,'的ger',2),(1511,23,112,'的gew',2),(1512,15,112,'',2),(1513,19,112,'',2),(1514,12,112,'',2),(1515,24,112,' 为',2),(1516,16,112,'',2),(1517,35,112,'',3),(1518,28,112,'',3),(1519,39,112,'',3),(1520,32,112,'儿特',3),(1521,36,112,'',3),(1522,29,112,'',3),(1523,40,112,'',3),(1524,33,112,'电饭锅',3),(1525,26,112,'色特',3),(1526,37,112,'',3),(1527,30,112,'个',3),(1528,41,112,'',3),(1529,34,112,'',3),(1530,27,112,'特然',3),(1531,38,112,'',3),(1532,31,112,'',3),(1533,42,112,'',3),(1534,43,112,'人',4),(1535,44,112,'他',4),(1536,46,112,'他re',5),(1537,47,112,'他e',5),(1538,48,112,'他er',5),(1539,45,112,'他而儿童',5),(1540,49,112,'尔特',5),(1541,53,112,'饿t',6),(1542,54,112,'尔特',6),(1543,50,112,'个d',6),(1544,55,112,'饿',6),(1545,51,112,'二人台',6),(1546,52,112,'他',6),(1547,4,113,'范围',1),(1548,5,113,'水电费法规',1),(1549,1,113,'福特',1),(1550,10,113,'2',1),(1552,6,113,'饿死',1),(1553,2,113,'小',1),(1555,7,113,'天天人',1),(1556,3,113,'个的地方',1),(1557,60,113,'鬼地方个',1),(1558,9,113,'刚发的',1),(1559,21,113,'股份',2),(1560,13,113,'刚发的',2),(1561,25,113,'股份',2),(1562,17,113,'',2),(1563,22,113,'发光飞碟',2),(1564,14,113,'刚发的',2),(1565,18,113,'',2),(1566,11,113,'个df',2),(1567,23,113,'',2),(1568,15,113,'个梵蒂冈',2),(1569,19,113,'',2),(1570,12,113,'',2),(1571,24,113,'',2),(1572,16,113,'给对方',2),(1573,35,113,'饭v',3),(1574,28,113,'',3),(1575,39,113,'如果',3),(1576,32,113,'',3),(1577,36,113,'个',3),(1578,29,113,'',3),(1579,40,113,'',3),(1580,33,113,'个人',3),(1581,26,113,'电饭锅',3),(1582,37,113,'割发代首',3),(1583,30,113,'',3),(1584,41,113,'',3),(1585,34,113,'fg',3),(1586,27,113,'',3),(1587,38,113,'',3),(1588,31,113,'',3),(1589,42,113,'',3),(1590,43,113,'大概',4),(1591,44,113,'个',4),(1592,46,113,'个',5),(1593,47,113,'他w',5),(1594,48,113,'发个',5),(1595,45,113,'',5),(1596,49,113,'饭rt',5),(1597,53,113,'让他',6),(1598,54,113,'如果',6),(1599,50,113,'如果他',6),(1600,55,113,'',6),(1601,51,113,'',6),(1602,52,113,'',6),(1603,4,114,'饭深V',1),(1604,5,114,'ukjhk',1),(1605,1,114,'福特',1),(1606,10,114,'2.0',1),(1608,6,114,'6564',1),(1609,2,114,'大',1),(1611,7,114,'76',1),(1612,3,114,'6546呢',1),(1613,60,114,'6554',1),(1614,9,114,'5654',1),(1615,21,114,'5',2),(1616,13,114,'56',2),(1617,25,114,'56',2),(1618,17,114,'',2),(1619,22,114,'654',2),(1620,14,114,'4564',2),(1621,18,114,'',2),(1622,11,114,'45654',2),(1623,23,114,'5654',2),(1624,15,114,'5654',2),(1625,19,114,'',2),(1626,12,114,'',2),(1627,24,114,'',2),(1628,16,114,'456',2),(1629,35,114,'4654',3),(1630,28,114,'465',3),(1631,39,114,'456',3),(1632,32,114,'464',3),(1633,36,114,'4645',3),(1634,29,114,'46',3),(1635,40,114,'',3),(1636,33,114,'',3),(1637,26,114,'',3),(1638,37,114,'',3),(1639,30,114,'',3),(1640,41,114,'464',3),(1641,34,114,'',3),(1642,27,114,'464',3),(1643,38,114,'464',3),(1644,31,114,'464',3),(1645,42,114,'464',3),(1646,43,114,'46',4),(1647,44,114,'464',4),(1648,46,114,'46',5),(1649,47,114,'46re',5),(1650,48,114,'二哥',5),(1651,45,114,'',5),(1652,49,114,'',5),(1653,53,114,'热热',6),(1654,50,114,'e',6),(1655,54,114,'',6),(1656,51,114,'他',6),(1657,55,114,'的他',6),(1658,52,114,'尔特人',6),(1659,4,115,'他',1),(1660,5,115,'换个',1),(1661,1,115,'丰田',1),(1662,10,115,'1.0',1),(1664,6,115,'65',1),(1665,2,115,'大',1),(1667,7,115,'6546',1),(1668,3,115,'6546546',1),(1669,60,115,'65445',1),(1670,9,115,'654',1),(1671,21,115,'654',2),(1672,13,115,'45654',2),(1673,25,115,'6544',2),(1674,17,115,'645',2),(1675,22,115,'4654',2),(1676,14,115,'4564',2),(1677,18,115,'464',2),(1678,11,115,'4645',2),(1679,23,115,'464',2),(1680,15,115,'64',2),(1681,19,115,'4645',2),(1682,12,115,'54645',2),(1683,24,115,'464',2),(1684,16,115,'464',2),(1685,35,115,'rtytr',3),(1686,28,115,'ryt',3),(1687,39,115,'rtyrt',3),(1688,32,115,'',3),(1689,36,115,'',3),(1690,29,115,'',3),(1691,40,115,'ryr',3),(1692,33,115,'人员同仁堂',3),(1693,26,115,'大概d',3),(1694,37,115,'人员',3),(1695,30,115,'也',3),(1696,41,115,'个',3),(1697,34,115,'的观点',3),(1698,27,115,'',3),(1699,38,115,'fgfds',3),(1700,31,115,'',3),(1701,42,115,'',3),(1702,43,115,'因为你',4),(1703,44,115,'dgf',4),(1704,46,115,'dgdf',5),(1705,47,115,'大概地方',5),(1706,48,115,'个df',5),(1707,45,115,'dgf',5),(1708,49,115,'dg',5),(1709,53,115,'dgf',6),(1710,50,115,'dfgd',6),(1711,54,115,'dfg',6),(1712,51,115,'',6),(1713,55,115,'',6),(1714,52,115,'',6),(1715,4,116,'用途j',1),(1716,5,116,'jhgr',1),(1717,1,116,'丰田',1),(1718,10,116,'1.9',1),(1720,6,116,'536',1),(1721,2,116,'546',1),(1723,7,116,'654n6',1),(1724,3,116,'依然6 ',1),(1725,60,116,'6765',1),(1726,9,116,'756',1),(1727,21,116,'756',2),(1728,13,116,'56756',2),(1729,25,116,'576',2),(1730,17,116,'',2),(1731,22,116,'',2),(1732,14,116,'',2),(1733,18,116,'',2),(1734,11,116,'',2),(1735,23,116,'',2),(1736,15,116,'5675',2),(1737,19,116,'56765',2),(1738,12,116,'5675',2),(1739,24,116,'',2),(1740,16,116,'',2),(1741,35,116,'675',3),(1742,28,116,'56765',3),(1743,39,116,'5675',3),(1744,32,116,'',3),(1745,36,116,'',3),(1746,29,116,'',3),(1747,40,116,'',3),(1748,33,116,'',3),(1749,26,116,'',3),(1750,37,116,'56uy7',3),(1751,30,116,'5675',3),(1752,41,116,'',3),(1753,34,116,'',3),(1754,27,116,'',3),(1755,38,116,'',3),(1756,31,116,'',3),(1757,42,116,'',3),(1758,43,116,'56756',4),(1759,44,116,'56uy7',4),(1760,46,116,'仕',5),(1761,47,116,'675',5),(1762,48,116,'让他一人',5),(1763,45,116,'也re',5),(1764,49,116,'rtyrt',5),(1765,53,116,'让他一人',6),(1766,50,116,'让他也',6),(1767,54,116,'人员让他',6),(1768,51,116,'让他也',6),(1769,55,116,'',6),(1770,52,116,'',6),(1771,4,117,'二月er',1),(1772,5,117,'也',1),(1773,1,117,'一汽',1),(1774,10,117,'让他也',1),(1776,6,117,'好',1),(1777,2,117,'y re',1),(1779,7,117,'返回',1),(1780,3,117,'',1),(1781,60,117,'',1),(1782,9,117,'',1),(1783,21,117,'',2),(1784,13,117,'',2),(1785,25,117,'也r',2),(1786,17,117,'',2),(1787,22,117,'让他e',2),(1788,14,117,'',2),(1789,18,117,'让他认同和',2),(1790,11,117,'饭',2),(1791,23,117,'饭h',2),(1792,15,117,'让他y',2),(1793,19,117,'让他也',2),(1794,12,117,'',2),(1795,24,117,'好rt',2),(1796,16,117,'',2),(1797,35,117,'',3),(1798,28,117,'柔荑花',3),(1799,39,117,'',3),(1800,32,117,'',3),(1801,36,117,'',3),(1802,29,117,'让他回家',3),(1803,40,117,'还让他',3),(1804,33,117,'柔荑花',3),(1805,26,117,'让他',3),(1806,37,117,'',3),(1807,30,117,'',3),(1808,41,117,'',3),(1809,34,117,'',3),(1810,27,117,'仁和堂',3),(1811,38,117,'',3),(1812,31,117,'让他也',3),(1813,42,117,'',3),(1814,43,117,'让他y',4),(1815,44,117,'认同和',4),(1816,46,117,'体会r',5),(1817,47,117,'同一人',5),(1818,48,117,'让他y',5),(1819,45,117,'他y',5),(1820,49,117,'让他y',5),(1821,53,117,'羊肉汤',6),(1822,50,117,'让他',6),(1823,54,117,'人t',6),(1824,51,117,'',6),(1825,55,117,'人防ty',6),(1826,52,117,'',6),(1827,4,118,'服务',1),(1828,5,118,'给对方',1),(1829,1,118,'刚发的',1),(1830,10,118,'个',1),(1832,6,118,'发个',1),(1833,2,118,'',1),(1835,7,118,'',1),(1836,3,118,'',1),(1837,60,118,'',1),(1838,9,118,'',1),(1839,21,118,'',2),(1840,13,118,'',2),(1841,25,118,'',2),(1842,17,118,' 导入',2),(1843,22,118,'羊肉汤',2),(1844,14,118,'',2),(1845,18,118,'',2),(1846,11,118,'大地飞歌e',2),(1847,23,118,'电饭锅s',2),(1848,15,118,'电饭锅',2),(1849,19,118,'ujiktuy',2),(1850,12,118,'同行业tre',2),(1851,24,118,'',2),(1852,16,118,'',2),(1853,35,118,'',3),(1854,28,118,'',3),(1855,39,118,'',3),(1856,32,118,'',3),(1857,36,118,'认同与try',3),(1858,29,118,'u',3),(1859,40,118,'提货人e',3),(1860,33,118,'如有',3),(1861,26,118,'醍醐',3),(1862,37,118,'',3),(1863,30,118,'认同与',3),(1864,41,118,'',3),(1865,34,118,'让他y',3),(1866,27,118,'认同与',3),(1867,38,118,'还让他',3),(1868,31,118,'',3),(1869,42,118,'',3),(1870,43,118,'让他也',4),(1871,44,118,'让他也',4),(1872,46,118,'让他也',5),(1873,47,118,'让他也',5),(1874,48,118,'让他也',5),(1875,45,118,'好t',5),(1876,49,118,'',5),(1877,53,118,'让他y',6),(1878,50,118,'让他也',6),(1879,54,118,'人y',6),(1880,51,118,'',6),(1881,55,118,'讨人厌',6),(1882,52,118,'',6),(1883,4,119,'特然',1),(1884,5,119,'同意而',1),(1885,1,119,'人特然',1),(1886,10,119,'饿ter',1),(1888,6,119,'',1),(1889,2,119,'',1),(1891,7,119,'',1),(1892,3,119,' ter',1),(1893,60,119,'尔特e',1),(1894,9,119,'',1),(1895,21,119,'',2),(1896,13,119,'尔特e',2),(1897,25,119,'而t',2),(1898,17,119,'尔特问题e',2),(1899,22,119,'',2),(1900,14,119,'二月er',2),(1901,18,119,'',2),(1902,11,119,'他er',2),(1903,23,119,'尔特er',2),(1904,15,119,'而te',2),(1905,19,119,'而ter',2),(1906,12,119,'',2),(1907,24,119,'',2),(1908,16,119,'',2),(1909,35,119,'',3),(1910,28,119,'',3),(1911,39,119,'',3),(1912,32,119,'儿t',3),(1913,36,119,'人t',3),(1914,29,119,'',3),(1915,40,119,'',3),(1916,33,119,'而t',3),(1917,26,119,'饿te',3),(1918,37,119,'人t',3),(1919,30,119,'个温柔',3),(1920,41,119,'他',3),(1921,34,119,'让他',3),(1922,27,119,'饿tew',3),(1923,38,119,'',3),(1924,31,119,'',3),(1925,42,119,'他ew',3),(1926,43,119,'让他erw',4),(1927,44,119,'terter',4),(1928,46,119,'',5),(1929,47,119,'尔特',5),(1930,48,119,'特然',5),(1931,45,119,' etwe',5),(1932,49,119,'让他',5),(1933,53,119,'尔特ewr',6),(1934,50,119,' eter',6),(1935,54,119,'他',6),(1936,51,119,'热让他',6),(1937,55,119,'二人台',6),(1938,52,119,'尔特',6),(1939,4,120,'yrty ',1),(1940,5,120,'羊肉汤羊',1),(1941,1,120,'但如果',1),(1942,10,120,'给对方',1),(1944,6,120,'人头',1),(1945,2,120,'',1),(1947,7,120,'',1),(1948,3,120,'他而t',1),(1949,60,120,'',1),(1950,9,120,'',1),(1951,21,120,'654',2),(1952,13,120,'654',2),(1953,25,120,'54654',2),(1954,17,120,'45654',2),(1955,22,120,'54654',2),(1956,14,120,'54654',2),(1957,18,120,'546',2),(1958,11,120,'546',2),(1959,23,120,'546',2),(1960,15,120,'546',2),(1961,19,120,'546',2),(1962,12,120,'546',2),(1963,24,120,'546',2),(1964,16,120,'546',2),(1965,35,120,'5654',3),(1966,28,120,'654',3),(1967,39,120,'456',3),(1968,32,120,'4564',3),(1969,36,120,'4564',3),(1970,29,120,'456',3),(1971,40,120,'456',3),(1972,33,120,'46',3),(1973,26,120,'456',3),(1974,37,120,'tyre',3),(1975,30,120,'46',3),(1976,41,120,'456',3),(1977,34,120,'页面',3),(1978,27,120,'羊肉汤',3),(1979,38,120,'65',3),(1980,31,120,'特任',3),(1981,42,120,'人员',3),(1982,43,120,'让他也',4),(1983,44,120,'让他也',4),(1984,46,120,'让他也',5),(1985,47,120,'有tr',5),(1986,48,120,'让他也',5),(1987,45,120,'有',5),(1988,49,120,'让他也r',5),(1989,53,120,'人员',6),(1990,50,120,'人员',6),(1991,54,120,'人',6),(1992,51,120,' 如意纹',6),(1993,55,120,'人',6),(1994,52,120,'',6),(1995,4,121,'特然',1),(1996,5,121,'个d',1),(1997,1,121,'林肯',1),(1998,10,121,'2.1',1),(2000,6,121,'入543',1),(2001,2,121,'5464',1),(2003,7,121,'546吗',1),(2004,3,121,'56n',1),(2005,60,121,'65',1),(2006,9,121,'56',1),(2007,21,121,'565',2),(2008,13,121,'65',2),(2009,25,121,'65',2),(2010,17,121,'56',2),(2011,22,121,'5',2),(2012,14,121,'5有',2),(2013,18,121,'给他',2),(2014,11,121,'56',2),(2015,23,121,'65',2),(2016,15,121,'565',2),(2017,19,121,'5656',2),(2018,12,121,'565',2),(2019,24,121,'(⊙o⊙)…554',2),(2020,16,121,'546',2),(2021,35,121,'565',3),(2022,28,121,'5465',3),(2023,39,121,'5654',3),(2024,32,121,'让他也',3),(2025,36,121,'546 ',3),(2026,29,121,'让他也',3),(2027,40,121,'有',3),(2028,33,121,'让他也',3),(2029,26,121,'',3),(2030,37,121,'同意',3),(2031,30,121,'让他也',3),(2032,41,121,'特然',3),(2033,34,121,' 同一人',3),(2034,27,121,'让他也',3),(2035,38,121,'',3),(2036,31,121,'',3),(2037,42,121,'让他也',3),(2038,43,121,' yrt',4),(2039,44,121,' yrt',4),(2040,46,121,'让他也',5),(2041,47,121,'有人y',5),(2042,48,121,'让他一人t',5),(2043,45,121,'rtytr',5),(2044,49,121,' 让他也',5),(2045,53,121,'',6),(2046,50,121,'同一人头',6),(2047,54,121,' 他也让',6),(2048,51,121,' 有人特',6),(2049,55,121,'有人rt',6),(2050,52,121,' yr',6),(2051,4,122,'他ew',1),(2052,5,122,'他饿死',1),(2053,1,122,'他发给我',1),(2054,10,122,'工单',1),(2056,6,122,'给对方',1),(2057,2,122,'个sdg',1),(2059,7,122,'65',1),(2060,3,122,'5656546',1),(2061,60,122,'56546',1),(2062,9,122,'654',1),(2063,21,122,'4',2),(2064,13,122,'5656',2),(2065,25,122,'8678',2),(2066,17,122,'5654',2),(2067,22,122,'5',2),(2068,14,122,'8678',2),(2069,18,122,'87',2),(2070,11,122,'7876',2),(2071,23,122,'67876',2),(2072,15,122,'756',2),(2073,19,122,'57567',2),(2074,12,122,'56756',2),(2075,24,122,'575',2),(2076,16,122,'567',2),(2077,35,122,'56756',3),(2078,28,122,'56756',3),(2079,39,122,'5756',3),(2080,32,122,'56756',3),(2081,36,122,'567',3),(2082,29,122,'56756',3),(2083,40,122,'56756',3),(2084,33,122,'ryr人与人',3),(2085,26,122,'有人特',3),(2086,37,122,'也',3),(2087,30,122,'ty8u',3),(2088,41,122,'',3),(2089,34,122,'',3),(2090,27,122,'人要',3),(2091,38,122,'有y',3),(2092,31,122,'',3),(2093,42,122,'',3),(2094,43,122,'有r',4),(2095,44,122,'人要',4),(2096,46,122,'ryrt',5),(2097,47,122,'',5),(2098,48,122,'ryrt',5),(2099,45,122,'ry',5),(2100,49,122,' eryrt',5),(2101,53,122,'人要',6),(2102,50,122,'人要',6),(2103,54,122,'让他也',6),(2104,51,122,'人要',6),(2105,55,122,'人要',6),(2106,52,122,'人要',6),(2107,4,123,'同意尔特',1),(2108,5,123,'他er',1),(2109,1,123,'他尔特',1),(2110,10,123,'他饿同意热ert',1),(2112,6,123,'tre',1),(2113,2,123,'恩特',1),(2115,7,123,'尔特',1),(2116,3,123,'图rt',1),(2117,60,123,'',1),(2118,9,123,'',1),(2119,21,123,'56u5士ty',2),(2120,13,123,'',2),(2121,25,123,'圣',2),(2122,17,123,'',2),(2123,22,123,'二月',2),(2124,14,123,'图',2),(2125,18,123,'ert',2),(2126,11,123,'热天',2),(2127,23,123,'士',2),(2128,15,123,'儿t',2),(2129,19,123,'',2),(2130,12,123,'',2),(2131,24,123,'',2),(2132,16,123,'',2),(2133,35,123,'tyu',3),(2134,28,123,'',3),(2135,39,123,'有人特',3),(2136,32,123,'㔿',3),(2137,36,123,'体育',3),(2138,29,123,'突然有',3),(2139,40,123,'如有',3),(2140,33,123,'',3),(2141,26,123,'',3),(2142,37,123,'',3),(2143,30,123,' 有er',3),(2144,41,123,'  rty',3),(2145,34,123,'让他y',3),(2146,27,123,'',3),(2147,38,123,'',3),(2148,31,123,'',3),(2149,42,123,'',3),(2150,43,123,'一人e',4),(2151,44,123,'一人e',4),(2152,46,123,'有re',5),(2153,47,123,'一人饿 ',5),(2154,48,123,'让他也re',5),(2155,45,123,' eryr',5),(2156,49,123,'一人',5),(2157,53,123,'一人',6),(2158,50,123,'有er',6),(2159,54,123,' rew',6),(2160,51,123,'一人er',6),(2161,55,123,'柔荑花e',6),(2162,52,123,'',6),(2163,61,124,'零部件发动机',1),(2166,60,124,'ser我',1),(2167,60,125,'午饭',1),(2168,61,125,'发光时代',1),(2171,61,126,'发动机',1),(2174,60,126,'所发生的',1),(2177,60,128,'地方上的上的',1),(2178,61,128,'佛挡杀佛 ',1),(2179,6,129,'',1),(2180,4,129,'',1),(2181,7,129,'',1),(2182,1,129,'',1),(2183,60,129,'',1),(2184,9,129,'',1),(2185,2,129,'',1),(2186,5,129,'',1),(2187,10,129,'',1),(2188,3,129,'',1),(2189,14,129,'',2),(2190,18,129,'',2),(2191,11,129,'',2),(2192,23,129,'',2),(2193,15,129,'',2),(2194,19,129,'',2),(2195,12,129,'',2),(2196,24,129,'',2),(2197,16,129,'',2),(2198,21,129,'',2),(2199,13,129,'',2),(2200,25,129,'',2),(2201,17,129,'',2),(2202,22,129,'',2),(2203,40,129,'',3),(2204,33,129,'',3),(2205,26,129,'',3),(2206,37,129,'',3),(2207,30,129,'',3),(2208,41,129,'',3),(2209,34,129,'',3),(2210,27,129,'',3),(2211,38,129,'',3),(2212,31,129,'',3),(2213,42,129,'',3),(2214,35,129,'',3),(2215,28,129,'',3),(2216,39,129,'',3),(2217,32,129,'',3),(2218,36,129,'',3),(2219,29,129,'',3),(2220,44,129,'',4),(2221,43,129,'',4),(2222,47,129,'',5),(2223,48,129,'',5),(2224,45,129,'',5),(2225,49,129,'',5),(2226,46,129,'',5),(2227,51,129,'',6),(2228,55,129,'',6),(2229,52,129,'',6),(2230,53,129,'',6),(2231,50,129,'',6),(2232,54,129,'',6),(2233,6,130,'',1),(2234,4,130,'',1),(2235,7,130,'',1),(2236,1,130,'',1),(2237,60,130,'',1),(2238,9,130,'',1),(2239,2,130,'',1),(2240,5,130,'',1),(2241,10,130,'',1),(2242,3,130,'',1),(2243,14,130,'',2),(2244,18,130,'',2),(2245,11,130,'',2),(2246,23,130,'',2),(2247,15,130,'',2),(2248,19,130,'',2),(2249,12,130,'',2),(2250,24,130,'',2),(2251,16,130,'',2),(2252,21,130,'',2),(2253,13,130,'',2),(2254,25,130,'',2),(2255,17,130,'',2),(2256,22,130,'',2),(2257,40,130,'',3),(2258,33,130,'',3),(2259,26,130,'',3),(2260,37,130,'',3),(2261,30,130,'',3),(2262,41,130,'',3),(2263,34,130,'',3),(2264,27,130,'',3),(2265,38,130,'',3),(2266,31,130,'',3),(2267,42,130,'',3),(2268,35,130,'',3),(2269,28,130,'',3),(2270,39,130,'',3),(2271,32,130,'',3),(2272,36,130,'',3),(2273,29,130,'',3),(2274,44,130,'',4),(2275,43,130,'',4),(2276,47,130,'',5),(2277,48,130,'',5),(2278,45,130,'',5),(2279,49,130,'',5),(2280,46,130,'',5),(2281,51,130,'',6),(2282,55,130,'',6),(2283,52,130,'',6),(2284,53,130,'',6),(2285,50,130,'',6),(2286,54,130,'',6),(2287,6,131,'',1),(2288,4,131,'',1),(2289,7,131,'',1),(2290,1,131,'',1),(2291,60,131,'',1),(2292,9,131,'',1),(2293,2,131,'',1),(2294,5,131,'',1),(2295,10,131,'',1),(2296,3,131,'',1),(2297,14,131,'',2),(2298,18,131,'',2),(2299,11,131,'',2),(2300,23,131,'',2),(2301,15,131,'',2),(2302,19,131,'',2),(2303,12,131,'',2),(2304,24,131,'',2),(2305,16,131,'',2),(2306,21,131,'',2),(2307,13,131,'',2),(2308,25,131,'',2),(2309,17,131,'',2),(2310,22,131,'',2),(2311,40,131,'',3),(2312,33,131,'',3),(2313,26,131,'',3),(2314,37,131,'',3),(2315,30,131,'',3),(2316,41,131,'',3),(2317,34,131,'',3),(2318,27,131,'',3),(2319,38,131,'',3),(2320,31,131,'',3),(2321,42,131,'',3),(2322,35,131,'',3),(2323,28,131,'',3),(2324,39,131,'',3),(2325,32,131,'',3),(2326,36,131,'',3),(2327,29,131,'',3),(2328,44,131,'',4),(2329,43,131,'',4),(2330,47,131,'',5),(2331,48,131,'',5),(2332,45,131,'',5),(2333,49,131,'',5),(2334,46,131,'',5),(2335,51,131,'',6),(2336,55,131,'',6),(2337,52,131,'',6),(2338,53,131,'',6),(2339,50,131,'',6),(2340,54,131,'',6),(2341,6,132,'',1),(2342,4,132,'',1),(2343,7,132,'',1),(2344,1,132,'',1),(2345,60,132,'',1),(2346,9,132,'',1),(2347,2,132,'',1),(2348,5,132,'',1),(2349,10,132,'',1),(2350,3,132,'',1),(2351,14,132,'',2),(2352,18,132,'',2),(2353,11,132,'',2),(2354,23,132,'',2),(2355,15,132,'',2),(2356,19,132,'',2),(2357,12,132,'',2),(2358,24,132,'',2),(2359,16,132,'',2),(2360,21,132,'',2),(2361,13,132,'',2),(2362,25,132,'',2),(2363,17,132,'',2),(2364,22,132,'',2),(2365,40,132,'',3),(2366,33,132,'',3),(2367,26,132,'',3),(2368,37,132,'',3),(2369,30,132,'',3),(2370,41,132,'',3),(2371,34,132,'',3),(2372,27,132,'',3),(2373,38,132,'',3),(2374,31,132,'',3),(2375,42,132,'',3),(2376,35,132,'',3),(2377,28,132,'',3),(2378,39,132,'',3),(2379,32,132,'',3),(2380,36,132,'',3),(2381,29,132,'',3),(2382,44,132,'',4),(2383,43,132,'',4),(2384,47,132,'',5),(2385,48,132,'',5),(2386,45,132,'',5),(2387,49,132,'',5),(2388,46,132,'',5),(2389,51,132,'',6),(2390,55,132,'',6),(2391,52,132,'',6),(2392,53,132,'',6),(2393,50,132,'',6),(2394,54,132,'',6),(2395,6,133,'',1),(2396,4,133,'',1),(2397,7,133,'',1),(2398,1,133,'',1),(2399,60,133,'',1),(2400,9,133,'',1),(2401,2,133,'',1),(2402,5,133,'',1),(2403,10,133,'',1),(2404,3,133,'',1),(2405,14,133,'',2),(2406,18,133,'',2),(2407,11,133,'',2),(2408,23,133,'',2),(2409,15,133,'',2),(2410,19,133,'',2),(2411,12,133,'',2),(2412,24,133,'',2),(2413,16,133,'',2),(2414,21,133,'',2),(2415,13,133,'',2),(2416,25,133,'',2),(2417,17,133,'',2),(2418,22,133,'',2),(2419,40,133,'',3),(2420,33,133,'',3),(2421,26,133,'',3),(2422,37,133,'',3),(2423,30,133,'',3),(2424,41,133,'',3),(2425,34,133,'',3),(2426,27,133,'',3),(2427,38,133,'',3),(2428,31,133,'',3),(2429,42,133,'',3),(2430,35,133,'',3),(2431,28,133,'',3),(2432,39,133,'',3),(2433,32,133,'',3),(2434,36,133,'',3),(2435,29,133,'',3),(2436,44,133,'',4),(2437,43,133,'',4),(2438,47,133,'',5),(2439,48,133,'',5),(2440,45,133,'',5),(2441,49,133,'',5),(2442,46,133,'',5),(2443,51,133,'',6),(2444,55,133,'',6),(2445,52,133,'',6),(2446,53,133,'',6),(2447,50,133,'',6),(2448,54,133,'',6),(2449,6,134,'',1),(2450,4,134,'',1),(2451,7,134,'',1),(2452,1,134,'',1),(2453,60,134,'',1),(2454,9,134,'',1),(2455,2,134,'',1),(2456,5,134,'',1),(2457,10,134,'',1),(2458,3,134,'',1),(2459,14,134,'',2),(2460,18,134,'',2),(2461,11,134,'',2),(2462,23,134,'',2),(2463,15,134,'',2),(2464,19,134,'',2),(2465,12,134,'',2),(2466,24,134,'',2),(2467,16,134,'',2),(2468,21,134,'',2),(2469,13,134,'',2),(2470,25,134,'',2),(2471,17,134,'',2),(2472,22,134,'',2),(2473,40,134,'',3),(2474,33,134,'',3),(2475,26,134,'',3),(2476,37,134,'',3),(2477,30,134,'',3),(2478,41,134,'',3),(2479,34,134,'',3),(2480,27,134,'',3),(2481,38,134,'',3),(2482,31,134,'',3),(2483,42,134,'',3),(2484,35,134,'',3),(2485,28,134,'',3),(2486,39,134,'',3),(2487,32,134,'',3),(2488,36,134,'',3),(2489,29,134,'',3),(2490,44,134,'',4),(2491,43,134,'',4),(2492,47,134,'',5),(2493,48,134,'',5),(2494,45,134,'',5),(2495,49,134,'',5),(2496,46,134,'',5),(2497,51,134,'',6),(2498,55,134,'',6),(2499,52,134,'',6),(2500,53,134,'',6),(2501,50,134,'',6),(2502,54,134,'',6),(2503,6,135,'',1),(2504,4,135,'',1),(2505,7,135,'',1),(2506,1,135,'',1),(2507,60,135,'',1),(2508,9,135,'',1),(2509,2,135,'',1),(2510,5,135,'',1),(2511,10,135,'',1),(2512,3,135,'',1),(2513,14,135,'',2),(2514,18,135,'',2),(2515,11,135,'',2),(2516,23,135,'',2),(2517,15,135,'',2),(2518,19,135,'',2),(2519,12,135,'',2),(2520,24,135,'',2),(2521,16,135,'',2),(2522,21,135,'',2),(2523,13,135,'',2),(2524,25,135,'',2),(2525,17,135,'',2),(2526,22,135,'',2),(2527,40,135,'',3),(2528,33,135,'',3),(2529,26,135,'',3),(2530,37,135,'',3),(2531,30,135,'',3),(2532,41,135,'',3),(2533,34,135,'',3),(2534,27,135,'',3),(2535,38,135,'',3),(2536,31,135,'',3),(2537,42,135,'',3),(2538,35,135,'',3),(2539,28,135,'',3),(2540,39,135,'',3),(2541,32,135,'',3),(2542,36,135,'',3),(2543,29,135,'',3),(2544,44,135,'',4),(2545,43,135,'',4),(2546,47,135,'',5),(2547,48,135,'',5),(2548,45,135,'',5),(2549,49,135,'',5),(2550,46,135,'',5),(2551,51,135,'',6),(2552,55,135,'',6),(2553,52,135,'',6),(2554,53,135,'',6),(2555,50,135,'',6),(2556,54,135,'',6),(2935,6,143,'',1),(2936,4,143,'',1),(2937,7,143,'',1),(2938,1,143,'',1),(2939,60,143,'',1),(2940,9,143,'',1),(2941,2,143,'',1),(2942,5,143,'',1),(2943,10,143,'',1),(2944,3,143,'',1),(2945,14,143,'',2),(2946,18,143,'',2),(2947,11,143,'',2),(2948,23,143,'',2),(2949,15,143,'',2),(2950,19,143,'',2),(2951,12,143,'',2),(2952,24,143,'',2),(2953,16,143,'',2),(2954,21,143,'',2),(2955,13,143,'',2),(2956,25,143,'',2),(2957,17,143,'',2),(2958,22,143,'',2),(2959,40,143,'',3),(2960,33,143,'',3),(2961,26,143,'',3),(2962,37,143,'',3),(2963,30,143,'',3),(2964,41,143,'',3),(2965,34,143,'',3),(2966,27,143,'',3),(2967,38,143,'',3),(2968,31,143,'',3),(2969,42,143,'',3),(2970,35,143,'',3),(2971,28,143,'',3),(2972,39,143,'',3),(2973,32,143,'',3),(2974,36,143,'',3),(2975,29,143,'',3),(2976,44,143,'',4),(2977,43,143,'',4),(2978,47,143,'',5),(2979,48,143,'',5),(2980,45,143,'',5),(2981,49,143,'',5),(2982,46,143,'',5),(2983,51,143,'',6),(2984,55,143,'',6),(2985,52,143,'',6),(2986,53,143,'',6),(2987,50,143,'',6),(2988,54,143,'',6),(2989,60,144,'',1),(2990,9,144,'',1),(2991,2,144,'',1),(2992,5,144,'',1),(2993,10,144,'',1),(2994,3,144,'',1),(2995,6,144,'',1),(2996,4,144,'',1),(2997,7,144,'',1),(2998,1,144,'',1),(2999,19,144,'',2),(3000,12,144,'',2),(3001,24,144,'',2),(3002,16,144,'',2),(3003,21,144,'',2),(3004,13,144,'',2),(3005,25,144,'',2),(3006,17,144,'',2),(3007,22,144,'',2),(3008,14,144,'',2),(3009,18,144,'',2),(3010,11,144,'',2),(3011,23,144,'',2),(3012,15,144,'',2),(3013,27,144,'',3),(3014,38,144,'',3),(3015,31,144,'',3),(3016,42,144,'',3),(3017,35,144,'',3),(3018,28,144,'',3),(3019,39,144,'',3),(3020,32,144,'',3),(3021,36,144,'',3),(3022,29,144,'',3),(3023,40,144,'',3),(3024,33,144,'',3),(3025,26,144,'',3),(3026,37,144,'',3),(3027,30,144,'',3),(3028,41,144,'',3),(3029,34,144,'',3),(3030,43,144,'',4),(3031,44,144,'',4),(3032,45,144,'',5),(3033,49,144,'',5),(3034,46,144,'',5),(3035,47,144,'',5),(3036,48,144,'',5),(3037,52,144,'',6),(3038,53,144,'',6),(3039,50,144,'',6),(3040,54,144,'',6),(3041,51,144,'',6),(3042,55,144,'',6),(3043,5,145,'',1),(3044,10,145,'',1),(3045,3,145,'',1),(3046,6,145,'',1),(3047,4,145,'',1),(3048,7,145,'',1),(3049,1,145,'',1),(3050,60,145,'',1),(3051,9,145,'',1),(3052,2,145,'',1),(3053,25,145,'',2),(3054,17,145,'',2),(3055,22,145,'',2),(3056,14,145,'',2),(3057,18,145,'',2),(3058,11,145,'',2),(3059,23,145,'',2),(3060,15,145,'',2),(3061,19,145,'',2),(3062,12,145,'',2),(3063,24,145,'',2),(3064,16,145,'',2),(3065,21,145,'',2),(3066,13,145,'',2),(3067,39,145,'',3),(3068,32,145,'',3),(3069,36,145,'',3),(3070,29,145,'',3),(3071,40,145,'',3),(3072,33,145,'',3),(3073,26,145,'',3),(3074,37,145,'',3),(3075,30,145,'',3),(3076,41,145,'',3),(3077,34,145,'',3),(3078,27,145,'',3),(3079,38,145,'',3),(3080,31,145,'',3),(3081,42,145,'',3),(3082,35,145,'',3),(3083,28,145,'',3),(3084,43,145,'',4),(3085,44,145,'',4),(3086,47,145,'',5),(3087,48,145,'',5),(3088,45,145,'',5),(3089,49,145,'',5),(3090,46,145,'',5),(3091,50,145,'',6),(3092,54,145,'',6),(3093,51,145,'',6),(3094,55,145,'',6),(3095,52,145,'',6),(3096,53,145,'',6);
/*!40000 ALTER TABLE `t_item_attribute_value` ENABLE KEYS */;
UNLOCK TABLES;

--
-- Table structure for table `t_item_brand`
--

DROP TABLE IF EXISTS `t_item_brand`;
/*!40101 SET @saved_cs_client     = @@character_set_client */;
/*!40101 SET character_set_client = utf8 */;
CREATE TABLE `t_item_brand` (
  `item_brand_id` int(11) NOT NULL AUTO_INCREMENT,
  `item_brand_name` varchar(60) NOT NULL,
  `item_brand_city` varchar(60) DEFAULT NULL,
  `spell_id` int(6) NOT NULL,
  `create_time` varchar(100) DEFAULT NULL,
  PRIMARY KEY (`item_brand_id`),
  KEY `spell_letter_id` (`spell_id`),
  CONSTRAINT `spell_letter_id` FOREIGN KEY (`spell_id`) REFERENCES `t_spell_letter` (`spell_id`) ON DELETE CASCADE ON UPDATE NO ACTION
) ENGINE=InnoDB AUTO_INCREMENT=19 DEFAULT CHARSET=utf8;
/*!40101 SET character_set_client = @saved_cs_client */;

--
-- Dumping data for table `t_item_brand`
--

LOCK TABLES `t_item_brand` WRITE;
/*!40000 ALTER TABLE `t_item_brand` DISABLE KEYS */;
INSERT INTO `t_item_brand` VALUES (1,'奥迪','德国',1,'1909年'),(2,'宝马','德国',2,'1916年'),(3,'奔驰','德国',2,'1926年'),(4,'本田','日本',2,'1946年'),(5,'别克','美国',2,'1904年'),(6,'大众','德国',4,'1937年'),(7,'丰田','日本',6,'1937年'),(8,'福特','美国',6,'1903年'),(9,'红旗','中国',8,'1958年'),(10,'哈佛','中国',8,'2013年'),(11,'吉普','美国',10,'1941年'),(12,'凯迪拉克','美国',11,'1902年'),(13,'马自达','日本',13,'1920年'),(14,'雷克萨斯','日本',12,'1983年'),(15,'林肯','美国',12,'1917年'),(16,'现代','韩国',24,'1967年'),(17,'三菱','日本',19,'1234'),(18,'长安','中国',26,'1999年');
/*!40000 ALTER TABLE `t_item_brand` ENABLE KEYS */;
UNLOCK TABLES;

--
-- Table structure for table `t_item_classification`
--

DROP TABLE IF EXISTS `t_item_classification`;
/*!40101 SET @saved_cs_client     = @@character_set_client */;
/*!40101 SET character_set_client = utf8 */;
CREATE TABLE `t_item_classification` (
  `item_classification_id` int(2) NOT NULL AUTO_INCREMENT,
  `item_classification_name` varchar(60) NOT NULL,
  PRIMARY KEY (`item_classification_id`)
) ENGINE=InnoDB AUTO_INCREMENT=3 DEFAULT CHARSET=utf8;
/*!40101 SET character_set_client = @saved_cs_client */;

--
-- Dumping data for table `t_item_classification`
--

LOCK TABLES `t_item_classification` WRITE;
/*!40000 ALTER TABLE `t_item_classification` DISABLE KEYS */;
INSERT INTO `t_item_classification` VALUES (1,'整车'),(2,'零部件');
/*!40000 ALTER TABLE `t_item_classification` ENABLE KEYS */;
UNLOCK TABLES;

--
-- Table structure for table `t_item_color`
--

DROP TABLE IF EXISTS `t_item_color`;
/*!40101 SET @saved_cs_client     = @@character_set_client */;
/*!40101 SET character_set_client = utf8 */;
CREATE TABLE `t_item_color` (
  `color_id` int(5) NOT NULL AUTO_INCREMENT,
  `color_name` varchar(255) NOT NULL,
  PRIMARY KEY (`color_id`)
) ENGINE=InnoDB AUTO_INCREMENT=15 DEFAULT CHARSET=utf8;
/*!40101 SET character_set_client = @saved_cs_client */;

--
-- Dumping data for table `t_item_color`
--

LOCK TABLES `t_item_color` WRITE;
/*!40000 ALTER TABLE `t_item_color` DISABLE KEYS */;
INSERT INTO `t_item_color` VALUES (1,'黑色'),(2,'白色'),(3,'银灰色'),(4,'红色'),(5,'深灰色'),(6,'橙色'),(7,'绿色'),(8,'蓝色'),(9,'咖啡色'),(10,'紫色'),(11,'香槟色'),(12,'多彩色'),(13,'黄色'),(14,'其它');
/*!40000 ALTER TABLE `t_item_color` ENABLE KEYS */;
UNLOCK TABLES;

--
-- Table structure for table `t_item_comment`
--

DROP TABLE IF EXISTS `t_item_comment`;
/*!40101 SET @saved_cs_client     = @@character_set_client */;
/*!40101 SET character_set_client = utf8 */;
CREATE TABLE `t_item_comment` (
  `item_comment_id` int(11) NOT NULL AUTO_INCREMENT,
  `item_comment_content` varchar(255) DEFAULT NULL,
  `item_comment_date` int(11) DEFAULT NULL,
  `user_id` int(11) NOT NULL,
  `handle_state` int(2) DEFAULT '2',
  `comment_level` int(5) DEFAULT NULL,
  `reply_content` varchar(255) DEFAULT NULL,
  `reply_date` int(11) DEFAULT NULL,
  PRIMARY KEY (`item_comment_id`),
  KEY `item_comment_id` (`item_comment_id`) USING BTREE,
  KEY `customer_id` (`user_id`) USING BTREE,
  CONSTRAINT `customer_id` FOREIGN KEY (`user_id`) REFERENCES `t_user` (`user_id`) ON DELETE CASCADE ON UPDATE NO ACTION
) ENGINE=InnoDB AUTO_INCREMENT=3 DEFAULT CHARSET=utf8;
/*!40101 SET character_set_client = @saved_cs_client */;

--
-- Dumping data for table `t_item_comment`
--

LOCK TABLES `t_item_comment` WRITE;
/*!40000 ALTER TABLE `t_item_comment` DISABLE KEYS */;
INSERT INTO `t_item_comment` VALUES (1,'这个产品就是好，质量杠杠的',1521441545,2,1,1,'发送到发送到发送到十分士大夫士大夫',1521981002),(2,'胜多负少的发送到',1521441545,3,1,2,NULL,NULL);
/*!40000 ALTER TABLE `t_item_comment` ENABLE KEYS */;
UNLOCK TABLES;

--
-- Table structure for table `t_item_enter_library`
--

DROP TABLE IF EXISTS `t_item_enter_library`;
/*!40101 SET @saved_cs_client     = @@character_set_client */;
/*!40101 SET character_set_client = utf8 */;
CREATE TABLE `t_item_enter_library` (
  `enter_library_id` int(11) NOT NULL AUTO_INCREMENT,
  `warehouse_id` int(11) NOT NULL COMMENT '仓库',
  `enter_library_reason` int(1) DEFAULT '1' COMMENT '入库单名称',
  `enter_library_num` int(11) NOT NULL COMMENT '入库数量',
  `enter_library_code` varchar(255) NOT NULL COMMENT '入库单号',
  `enter_library_date` int(11) DEFAULT NULL,
  `create_person` varchar(255) DEFAULT NULL,
  `item_id` bigint(20) NOT NULL,
  PRIMARY KEY (`enter_library_id`),
  KEY `enter_library_id` (`enter_library_id`) USING BTREE,
  KEY `warehouse_id` (`warehouse_id`) USING BTREE,
  KEY `item_id_s` (`item_id`),
  CONSTRAINT `item_id_s` FOREIGN KEY (`item_id`) REFERENCES `t_item` (`item_id`) ON DELETE CASCADE ON UPDATE NO ACTION,
  CONSTRAINT `warehouse_id` FOREIGN KEY (`warehouse_id`) REFERENCES `t_warehouse` (`warehouse_id`) ON DELETE CASCADE ON UPDATE NO ACTION
) ENGINE=InnoDB AUTO_INCREMENT=70 DEFAULT CHARSET=utf8;
/*!40101 SET character_set_client = @saved_cs_client */;

--
-- Dumping data for table `t_item_enter_library`
--

LOCK TABLES `t_item_enter_library` WRITE;
/*!40000 ALTER TABLE `t_item_enter_library` DISABLE KEYS */;
INSERT INTO `t_item_enter_library` VALUES (7,1,1,2,'20180407230434792421888',1523113474,'test',103),(8,1,1,3,'20180407230459462421888',1523113679,'test',104),(10,1,1,3,'20180407230437127421888',1523114137,'test',106),(17,1,1,23,'20180407230450388421888',1523116010,'test',113),(20,1,1,12,'20180407230444532421888',1523116424,'test',116),(24,1,1,6,'20180408000436445421888',1523116896,'test',120),(25,1,1,3,'20180408000448772421888',1523117028,'test',121),(26,1,1,2,'20180408000426054421888',1523117186,'test',122),(27,1,1,6,'20180408000424006421888',1523117304,'test',123),(33,1,1,545,'20180411160424010417792',1523435484,'admin',129),(34,1,1,77,'20180411160446588417792',1523435626,'admin',130),(36,1,1,4,'20180411160422663417792',1523435722,'admin',131),(38,1,1,5,'20180411160451968417792',1523435931,'admin',132),(39,1,1,4,'20180411160427543417792',1523436027,'admin',133),(40,1,1,5,'20180411160407292417792',1523436127,'admin',134),(41,1,1,3,'20180411160459838417792',1523436179,'admin',135),(65,1,1,0,'20180411210400263425984',1523453280,'admin',143),(69,1,1,6,'20180412120411350827392',1523508431,'admin',145);
/*!40000 ALTER TABLE `t_item_enter_library` ENABLE KEYS */;
UNLOCK TABLES;

--
-- Table structure for table `t_item_order`
--

DROP TABLE IF EXISTS `t_item_order`;
/*!40101 SET @saved_cs_client     = @@character_set_client */;
/*!40101 SET character_set_client = utf8 */;
CREATE TABLE `t_item_order` (
  `item_order_id` int(11) NOT NULL AUTO_INCREMENT,
  `item_id` bigint(20) NOT NULL,
  `user_id` int(11) NOT NULL,
  `order_state` int(2) NOT NULL DEFAULT '1' COMMENT '订单状态',
  `pay_method` int(2) NOT NULL DEFAULT '2' COMMENT '付款方式',
  `total_price` double(10,2) DEFAULT NULL,
  `create_date` int(11) DEFAULT NULL COMMENT '订单提交时间',
  `pay_date` int(11) DEFAULT NULL COMMENT '付款时间',
  `delivery_date` int(11) DEFAULT NULL COMMENT '发货时间',
  `complete_date` int(11) DEFAULT NULL COMMENT '交易完成时间',
  `close_date` int(11) DEFAULT NULL,
  `order_code` varchar(255) NOT NULL,
  `address` varchar(255) DEFAULT NULL,
  `customer_name` varchar(50) DEFAULT NULL,
  `phone` varchar(255) DEFAULT NULL,
  `item_look_id` int(11) DEFAULT NULL,
  PRIMARY KEY (`item_order_id`),
  KEY `item_order_id` (`item_order_id`) USING BTREE,
  KEY `item_idid` (`item_id`),
  KEY `custome_idsss` (`user_id`) USING BTREE,
  KEY `order_code` (`order_code`) USING BTREE,
  CONSTRAINT `customer_idis` FOREIGN KEY (`user_id`) REFERENCES `t_user` (`user_id`) ON DELETE CASCADE ON UPDATE NO ACTION,
  CONSTRAINT `item_idid` FOREIGN KEY (`item_id`) REFERENCES `t_item` (`item_id`) ON DELETE CASCADE ON UPDATE NO ACTION
) ENGINE=InnoDB DEFAULT CHARSET=utf8;
/*!40101 SET character_set_client = @saved_cs_client */;

--
-- Dumping data for table `t_item_order`
--

LOCK TABLES `t_item_order` WRITE;
/*!40000 ALTER TABLE `t_item_order` DISABLE KEYS */;
/*!40000 ALTER TABLE `t_item_order` ENABLE KEYS */;
UNLOCK TABLES;

--
-- Table structure for table `t_item_out_library`
--

DROP TABLE IF EXISTS `t_item_out_library`;
/*!40101 SET @saved_cs_client     = @@character_set_client */;
/*!40101 SET character_set_client = utf8 */;
CREATE TABLE `t_item_out_library` (
  `out_library_id` int(11) NOT NULL AUTO_INCREMENT,
  `warehouse_id` int(11) NOT NULL COMMENT '仓库',
  `out_library_reason` int(2) DEFAULT NULL COMMENT '出库理由',
  `out_library_num` int(11) NOT NULL COMMENT '出库数量',
  `out_library_code` varchar(255) DEFAULT NULL COMMENT '出库单号',
  `out_library_date` int(11) DEFAULT NULL,
  `create_person` varchar(255) DEFAULT NULL,
  `item_id` bigint(20) NOT NULL,
  `out_library_state` int(2) DEFAULT '1',
  PRIMARY KEY (`out_library_id`),
  KEY `warehouse_id` (`warehouse_id`) USING BTREE,
  KEY `item_id` (`item_id`),
  KEY `out_library_id` (`out_library_id`) USING BTREE,
  CONSTRAINT `item_id` FOREIGN KEY (`item_id`) REFERENCES `t_item` (`item_id`) ON DELETE CASCADE ON UPDATE NO ACTION,
  CONSTRAINT `o_warehouse_id` FOREIGN KEY (`warehouse_id`) REFERENCES `t_warehouse` (`warehouse_id`) ON DELETE CASCADE ON UPDATE NO ACTION
) ENGINE=InnoDB DEFAULT CHARSET=utf8;
/*!40101 SET character_set_client = @saved_cs_client */;

--
-- Dumping data for table `t_item_out_library`
--

LOCK TABLES `t_item_out_library` WRITE;
/*!40000 ALTER TABLE `t_item_out_library` DISABLE KEYS */;
/*!40000 ALTER TABLE `t_item_out_library` ENABLE KEYS */;
UNLOCK TABLES;

--
-- Table structure for table `t_item_photo`
--

DROP TABLE IF EXISTS `t_item_photo`;
/*!40101 SET @saved_cs_client     = @@character_set_client */;
/*!40101 SET character_set_client = utf8 */;
CREATE TABLE `t_item_photo` (
  `photo_id` int(11) NOT NULL AUTO_INCREMENT,
  `photo_resource` varchar(255) NOT NULL,
  `item_id` bigint(20) NOT NULL,
  `photo_use` int(2) DEFAULT '2',
  PRIMARY KEY (`photo_id`),
  KEY `item_id` (`item_id`) USING BTREE,
  KEY `photo_id` (`photo_id`) USING BTREE,
  CONSTRAINT `i_item_id` FOREIGN KEY (`item_id`) REFERENCES `t_item` (`item_id`) ON DELETE CASCADE ON UPDATE NO ACTION
) ENGINE=InnoDB AUTO_INCREMENT=414 DEFAULT CHARSET=utf8;
/*!40101 SET character_set_client = @saved_cs_client */;

--
-- Dumping data for table `t_item_photo`
--

LOCK TABLES `t_item_photo` WRITE;
/*!40000 ALTER TABLE `t_item_photo` DISABLE KEYS */;
INSERT INTO `t_item_photo` VALUES (125,'resource/images/upload/title3.jpg',103,1),(126,'resource/images/upload/BMW_X4_details_1.JPG',103,2),(127,'resource/images/upload/BMW_X4_details_2.JPG',103,2),(128,'resource/images/upload/BMW_X4_details_3.jpg',103,2),(129,'resource/images/upload/BMW_X4_details_4.jpg',103,2),(130,'resource/images/upload/BMW_X4_details_5.JPG',103,2),(131,'resource/images/upload/BMW_X4_details_6.jpg',103,2),(132,'resource/images/upload/BMW_X4_details_8.jpg',103,2),(133,'resource/images/upload/BMW_X4_details_7.jpg',103,2),(134,'resource/images/upload/title4.jpg',104,1),(135,'resource/images/upload/BMW_X5_details_1.JPG',104,2),(136,'resource/images/upload/BMW_X5_details_2.JPG',104,2),(137,'resource/images/upload/BMW_X5_details_3.jpg',104,2),(138,'resource/images/upload/BMW_X5_details_4.jpg',104,2),(139,'resource/images/upload/BMW_X5_details_6.jpg',104,2),(140,'resource/images/upload/BMW_X5_details_7.jpg',104,2),(141,'resource/images/upload/BMW_X5_details_5.jpg',104,2),(142,'resource/images/upload/BMW_X5_details_8.jpg',104,2),(143,'resource/images/upload/Benz_A_title.jpg',105,1),(144,'resource/images/upload/Benz_A_1.jpg',105,2),(145,'resource/images/upload/Benz_A_2.jpg',105,2),(146,'resource/images/upload/Benz_A_3.jpg',105,2),(147,'resource/images/upload/Benz_A_4.jpg',105,2),(148,'resource/images/upload/Benz_A_5.jpg',105,2),(149,'resource/images/upload/Benz_A_6.jpg',105,2),(150,'resource/images/upload/Benz_A_7.jpg',105,2),(151,'resource/images/upload/Benz_A_10.jpg',105,2),(152,'resource/images/upload/Benz_A_8.jpg',105,2),(153,'resource/images/upload/Benz_A_9.jpg',105,2),(154,'resource/images/upload/Benz_C_title.jpg',106,1),(155,'resource/images/upload/Benz_C_1.JPG',106,2),(156,'resource/images/upload/Benz_C_2.JPG',106,2),(157,'resource/images/upload/Benz_C_3.JPG',106,2),(158,'resource/images/upload/Benz_C_4.JPG',106,2),(159,'resource/images/upload/Benz_C_5.JPG',106,2),(160,'resource/images/upload/Benz_C_6.JPG',106,2),(161,'resource/images/upload/Benz_C_10.jpg',106,2),(162,'resource/images/upload/Benz_C_9.jpg',106,2),(163,'resource/images/upload/Benz_C_7.jpg',106,2),(164,'resource/images/upload/Benz_C_8.jpg',106,2),(165,'resource/images/upload/tltleb.jpg',107,1),(166,'resource/images/upload/jy1.jpg',107,2),(167,'resource/images/upload/jy2.jpg',107,2),(168,'resource/images/upload/jy3.jpg',107,2),(169,'resource/images/upload/jy4.jpg',107,2),(170,'resource/images/upload/jy5.jpg',107,2),(171,'resource/images/upload/jy6.jpg',107,2),(172,'resource/images/upload/jy7.jpg',107,2),(173,'resource/images/upload/jy8.jpg',107,2),(174,'resource/images/upload/jy9.jpg',107,2),(175,'resource/images/upload/jy10.jpg',107,2),(176,'resource/images/upload/titlej.jpg',108,1),(177,'resource/images/upload/jw1.jpg',108,2),(178,'resource/images/upload/jw2.jpg',108,2),(179,'resource/images/upload/jw3.jpg',108,2),(180,'resource/images/upload/jw5.JPG',108,2),(181,'resource/images/upload/jw4.jpg',108,2),(182,'resource/images/upload/jw6.jpg',108,2),(183,'resource/images/upload/jw9.jpg',108,2),(184,'resource/images/upload/jw10.JPG',108,2),(186,'resource/images/upload/jw7.jpg',108,2),(187,'resource/images/upload/jw8.jpg',108,2),(188,'resource/images/upload/st_title.jpg',109,1),(189,'resource/images/upload/st_1.jpg',109,2),(190,'resource/images/upload/st_2.jpg',109,2),(191,'resource/images/upload/st_3.jpg',109,2),(192,'resource/images/upload/st_4.jpg',109,2),(193,'resource/images/upload/st_5.JPG',109,2),(194,'resource/images/upload/st_6.JPG',109,2),(195,'resource/images/upload/st_7.JPG',109,2),(196,'resource/images/upload/st_9.jpg',109,2),(197,'resource/images/upload/st_8.JPG',109,2),(198,'resource/images/upload/st_10.jpg',109,2),(200,'resource/images/upload/st_1.jpg',112,2),(201,'resource/images/upload/st_2.jpg',112,2),(202,'resource/images/upload/st_3.jpg',112,2),(203,'resource/images/upload/st_title.jpg',112,1),(204,'resource/images/upload/st_4.jpg',112,2),(205,'resource/images/upload/st_5.JPG',112,2),(206,'resource/images/upload/st_6.JPG',112,2),(207,'resource/images/upload/st_7.JPG',112,2),(208,'resource/images/upload/st_8.JPG',112,2),(209,'resource/images/upload/st_9.jpg',112,2),(210,'resource/images/upload/st_10.jpg',112,2),(211,'resource/images/upload/titlef.jpg',113,1),(212,'resource/images/upload/fks_1.jpg',113,2),(213,'resource/images/upload/fks_2.jpg',113,2),(214,'resource/images/upload/fks_3.jpg',113,2),(215,'resource/images/upload/fks_4.jpg',113,2),(216,'resource/images/upload/fks_5.jpg',113,2),(217,'resource/images/upload/fks_6.jpg',113,2),(218,'resource/images/upload/fks_7.jpg',113,2),(219,'resource/images/upload/fks_9.jpg',113,2),(220,'resource/images/upload/fks_8.jpg',113,2),(221,'resource/images/upload/fks_10.jpg',113,2),(222,'resource/images/upload/rj_1.JPG',114,1),(223,'resource/images/upload/rj_1.JPG',114,2),(224,'resource/images/upload/rj_2.JPG',114,2),(225,'resource/images/upload/rj_3.JPG',114,2),(226,'resource/images/upload/rj_4.JPG',114,2),(227,'resource/images/upload/rj_5.JPG',114,2),(228,'resource/images/upload/rj_6.JPG',114,2),(229,'resource/images/upload/rj_7.JPG',114,2),(230,'resource/images/upload/rj_8.JPG',114,2),(231,'resource/images/upload/rj_10.jpg',114,2),(232,'resource/images/upload/rj_9.JPG',114,2),(233,'resource/images/upload/titlek.jpg',115,1),(234,'resource/images/upload/kll_1.JPG',115,2),(235,'resource/images/upload/kll_2.JPG',115,2),(236,'resource/images/upload/kll_3.JPG',115,2),(237,'resource/images/upload/kll_4.JPG',115,2),(238,'resource/images/upload/kll_5.JPG',115,2),(239,'resource/images/upload/kll_6.JPG',115,2),(240,'resource/images/upload/kll_9.jpg',115,2),(241,'resource/images/upload/kll_7.jpg',115,2),(242,'resource/images/upload/kll_8.jpg',115,2),(243,'resource/images/upload/kll_10.jpg',115,2),(244,'resource/images/upload/titleh.jpg',116,1),(245,'resource/images/upload/hld_2.JPG',116,2),(246,'resource/images/upload/hld_1.JPG',116,2),(247,'resource/images/upload/hld_3.JPG',116,2),(248,'resource/images/upload/hld_4.JPG',116,2),(249,'resource/images/upload/hld_5.JPG',116,2),(250,'resource/images/upload/hld_6.JPG',116,2),(251,'resource/images/upload/hld_7.jpg',116,2),(252,'resource/images/upload/hld_8.jpg',116,2),(253,'resource/images/upload/hld_9.JPG',116,2),(254,'resource/images/upload/hld_10.JPG',116,2),(255,'resource/images/upload/title7.jpg',117,1),(256,'resource/images/upload/h7_1.jpg',117,2),(257,'resource/images/upload/h7_2.jpg',117,2),(258,'resource/images/upload/h7_3.jpg',117,2),(259,'resource/images/upload/h7_4.jpg',117,2),(260,'resource/images/upload/h7_5.jpg',117,2),(261,'resource/images/upload/h7_6.jpg',117,2),(262,'resource/images/upload/h7_7.jpg',117,2),(263,'resource/images/upload/h7_8.jpg',117,2),(264,'resource/images/upload/h7_10.jpg',117,2),(265,'resource/images/upload/h7_9.jpg',117,2),(266,'resource/images/upload/titlez.jpg',118,1),(267,'resource/images/upload/znz_1.jpg',118,2),(268,'resource/images/upload/znz_2.jpg',118,2),(269,'resource/images/upload/znz_3.jpg',118,2),(270,'resource/images/upload/znz_4.jpg',118,2),(271,'resource/images/upload/znz_5.jpg',118,2),(272,'resource/images/upload/znz_6.jpg',118,2),(273,'resource/images/upload/znz_7.jpg',118,2),(274,'resource/images/upload/znz_8.jpg',118,2),(275,'resource/images/upload/znz_9.jpg',118,2),(276,'resource/images/upload/znz_10.jpg',118,2),(277,'resource/images/upload/title6.jpg',119,1),(278,'resource/images/upload/ct6_1.jpg',119,2),(279,'resource/images/upload/ct6_2.jpg',119,2),(280,'resource/images/upload/ct6_3.jpg',119,2),(281,'resource/images/upload/ct6_4.jpg',119,2),(282,'resource/images/upload/ct6_5.jpg',119,2),(283,'resource/images/upload/ct6_6.jpg',119,2),(284,'resource/images/upload/ct6_7.jpg',119,2),(285,'resource/images/upload/ct6_8.jpg',119,2),(286,'resource/images/upload/ct6_9.jpg',119,2),(287,'resource/images/upload/ct6_10.jpg',119,2),(288,'resource/images/upload/titlen.jpg',120,1),(289,'resource/images/upload/nx_2.jpg',120,2),(290,'resource/images/upload/nx_1.jpg',120,2),(291,'resource/images/upload/nx_4.jpg',120,2),(292,'resource/images/upload/nx_3.jpg',120,2),(293,'resource/images/upload/nx_5.jpg',120,2),(294,'resource/images/upload/nx_6.JPG',120,2),(295,'resource/images/upload/nx_7.JPG',120,2),(296,'resource/images/upload/nx_8.JPG',120,2),(297,'resource/images/upload/nx_10.JPG',120,2),(298,'resource/images/upload/nx_9.JPG',120,2),(299,'resource/images/upload/x35_title.jpg',121,1),(300,'resource/images/upload/x35_2.jpg',121,2),(301,'resource/images/upload/x35_1.jpg',121,2),(302,'resource/images/upload/x35_3.jpg',121,2),(303,'resource/images/upload/x35_4.jpg',121,2),(304,'resource/images/upload/x35_5.jpg',121,2),(305,'resource/images/upload/x35_6.jpg',121,2),(306,'resource/images/upload/x35_7.JPG',121,2),(307,'resource/images/upload/x35_8.JPG',121,2),(308,'resource/images/upload/x35_9.JPG',121,2),(309,'resource/images/upload/x35_10.JPG',121,2),(310,'resource/images/upload/titlem.jpg',122,1),(311,'resource/images/upload/mz6_1.jpg',122,2),(312,'resource/images/upload/mz6_2.jpg',122,2),(313,'resource/images/upload/mz6_3.jpg',122,2),(314,'resource/images/upload/mz6_4.jpg',122,2),(315,'resource/images/upload/mz6_5.jpg',122,2),(316,'resource/images/upload/mz6_6.jpg',122,2),(317,'resource/images/upload/mz6_7.JPG',122,2),(318,'resource/images/upload/mz6_8.JPG',122,2),(319,'resource/images/upload/mz6_9.JPG',122,2),(320,'resource/images/upload/mz6_10.JPG',122,2),(321,'resource/images/upload/x35_title.jpg',123,1),(322,'resource/images/upload/x35_2.jpg',123,2),(323,'resource/images/upload/x35_1.jpg',123,2),(324,'resource/images/upload/x35_3.jpg',123,2),(325,'resource/images/upload/x35_4.jpg',123,2),(326,'resource/images/upload/x35_5.jpg',123,2),(327,'resource/images/upload/x35_6.jpg',123,2),(328,'resource/images/upload/x35_7.JPG',123,2),(329,'resource/images/upload/x35_8.JPG',123,2),(330,'resource/images/upload/x35_9.JPG',123,2),(331,'resource/images/upload/x35_10.JPG',123,2),(332,'resource/images/upload/motor_title.jpg',124,1),(333,'resource/images/upload/motor_4.jpg',124,2),(334,'resource/images/upload/motor_1.jpg',124,2),(335,'resource/images/upload/motor_2.jpg',124,2),(336,'resource/images/upload/motor_6.jpg',124,2),(337,'resource/images/upload/motor_3.jpg',124,2),(338,'resource/images/upload/motor_5.jpg',124,2),(339,'resource/images/upload/yeyagang_title.jpg',125,1),(340,'resource/images/upload/yeyag_1.jpg',125,2),(341,'resource/images/upload/yeyag_2.jpg',125,2),(342,'resource/images/upload/yeyag_3.jpg',125,2),(343,'resource/images/upload/yeyag_4.jpg',125,2),(344,'resource/images/upload/yeyag_5.jpg',125,2),(345,'resource/images/upload/yeyag_6.jpg',125,2),(346,'resource/images/upload/motor_title.jpg',126,1),(347,'resource/images/upload/motor_1.jpg',126,2),(348,'resource/images/upload/motor_2.jpg',126,2),(349,'resource/images/upload/motor_3.jpg',126,2),(350,'resource/images/upload/motor_4.jpg',126,2),(351,'resource/images/upload/motor_6.jpg',126,2),(359,'resource/images/upload/yeyagang_title.jpg',128,1),(360,'resource/images/upload/yeyag_2.jpg',128,2),(361,'resource/images/upload/yeyag_1.jpg',128,2),(362,'resource/images/upload/yeyag_3.jpg',128,2),(363,'resource/images/upload/yeyag_5.jpg',128,2),(364,'resource/images/upload/yeyag_4.jpg',128,2),(365,'resource/images/upload/yeyag_6.jpg',128,2),(366,'resource/images/upload/Benz_A_2.jpg',129,1),(367,'resource/images/upload/Benz_A_2.jpg',129,2),(368,'resource/images/upload/Benz_A_1.jpg',129,2),(369,'resource/images/upload/Benz_A_10.jpg',129,2),(370,'resource/images/upload/Benz_A_title.jpg',129,2),(371,'resource/images/upload/Benz_C_2.JPG',129,2),(372,'resource/images/upload/Benz_C_6.JPG',129,2),(373,'resource/images/upload/Benz_C_7.jpg',129,2),(374,'resource/images/upload/Benz_A_7.jpg',130,1),(375,'resource/images/upload/Benz_A_8.jpg',130,2),(376,'resource/images/upload/Benz_A_7.jpg',131,1),(377,'resource/images/upload/Benz_A_2.jpg',131,2),(378,'resource/images/upload/Benz_A_3.jpg',131,2),(379,'resource/images/upload/Benz_A_5.jpg',131,2),(380,'resource/images/upload/Benz_A_4.jpg',131,2),(381,'resource/images/upload/Benz_A_8.jpg',132,1),(382,'resource/images/upload/Benz_A_3.jpg',132,2),(383,'resource/images/upload/Benz_A_2.jpg',132,2),(384,'resource/images/upload/Benz_A_4.jpg',132,2),(385,'resource/images/upload/Benz_A_5.jpg',132,2),(386,'resource/images/upload/Benz_A_6.jpg',132,2),(387,'resource/images/upload/Benz_A_7.jpg',132,2),(388,'resource/images/upload/Benz_A_8.jpg',133,1),(389,'resource/images/upload/Benz_A_6.jpg',133,2),(390,'resource/images/upload/Benz_A_5.jpg',133,2),(391,'resource/images/upload/Benz_A_7.jpg',133,2),(392,'resource/images/upload/Benz_A_8.jpg',133,2),(393,'resource/images/upload/Benz_A_8.jpg',134,1),(394,'resource/images/upload/Benz_A_7.jpg',134,2),(395,'resource/images/upload/Benz_A_8.jpg',134,2),(396,'resource/images/upload/Benz_A_8.jpg',135,1),(397,'resource/images/upload/Benz_A_7.jpg',135,2),(398,'resource/images/upload/Benz_A_6.jpg',135,2),(399,'resource/images/upload/Benz_A_8.jpg',135,2),(400,'resource/images/upload/Benz_A_2.jpg',144,1),(401,'resource/images/upload/Benz_A_1.jpg',144,2),(402,'resource/images/upload/Benz_A_2.jpg',144,2),(403,'resource/images/upload/Benz_A_3.jpg',144,2),(404,'resource/images/upload/Benz_A_6.jpg',144,2),(405,'resource/images/upload/Benz_A_7.jpg',144,2),(406,'resource/images/upload/Benz_A_8.jpg',144,2),(407,'resource/images/upload/Benz_A_3.jpg',145,1),(408,'resource/images/upload/Benz_A_1.jpg',145,2),(409,'resource/images/upload/Benz_A_2.jpg',145,2),(410,'resource/images/upload/Benz_A_3.jpg',145,2),(411,'resource/images/upload/Benz_A_6.jpg',145,2),(412,'resource/images/upload/Benz_A_7.jpg',145,2),(413,'resource/images/upload/Benz_A_8.jpg',145,2);
/*!40000 ALTER TABLE `t_item_photo` ENABLE KEYS */;
UNLOCK TABLES;

--
-- Table structure for table `t_item_series`
--

DROP TABLE IF EXISTS `t_item_series`;
/*!40101 SET @saved_cs_client     = @@character_set_client */;
/*!40101 SET character_set_client = utf8 */;
CREATE TABLE `t_item_series` (
  `item_series_id` int(11) NOT NULL AUTO_INCREMENT COMMENT '产品系列',
  `item_brand_id` int(11) NOT NULL,
  `item_series_name` varchar(255) NOT NULL COMMENT '产品系列名称',
  PRIMARY KEY (`item_series_id`),
  KEY `item_series_id` (`item_series_id`) USING BTREE,
  KEY `item_brand_id` (`item_brand_id`) USING BTREE
) ENGINE=InnoDB AUTO_INCREMENT=45 DEFAULT CHARSET=utf8;
/*!40101 SET character_set_client = @saved_cs_client */;

--
-- Dumping data for table `t_item_series`
--

LOCK TABLES `t_item_series` WRITE;
/*!40000 ALTER TABLE `t_item_series` DISABLE KEYS */;
INSERT INTO `t_item_series` VALUES (1,1,'奥迪A3'),(2,1,'奥迪A4L'),(3,1,'奥迪A6L'),(4,1,'奥迪Q3'),(5,1,'奥迪Q5'),(6,2,'宝马2系'),(7,2,'宝马3系'),(8,2,'宝马4系'),(9,2,'宝马5系'),(10,2,'宝马6系'),(11,2,'宝马X1'),(12,2,'宝马X4'),(13,2,'宝马X5'),(14,3,'奔驰A级'),(15,3,'奔驰C级'),(16,3,'奔驰E级'),(17,4,'思域'),(18,4,'本田CRV'),(19,5,'君威'),(20,5,'君越'),(22,6,'途昂'),(23,6,'辉昂'),(24,6,'帕萨特'),(25,7,'卡罗拉'),(26,7,'汉兰达'),(27,8,'福克斯'),(29,8,'锐界'),(30,9,'h7'),(31,10,'h6'),(32,10,'h5'),(33,11,'指南者'),(34,12,'CT6'),(35,12,'SRX'),(36,12,'XTS'),(37,13,'ATZ'),(38,13,'MZ6'),(39,14,'ES'),(40,14,'NX'),(41,15,'林肯大陆'),(42,15,'林肯MKG'),(43,16,'IX25'),(44,16,'IX35');
/*!40000 ALTER TABLE `t_item_series` ENABLE KEYS */;
UNLOCK TABLES;

--
-- Table structure for table `t_item_stock`
--

DROP TABLE IF EXISTS `t_item_stock`;
/*!40101 SET @saved_cs_client     = @@character_set_client */;
/*!40101 SET character_set_client = utf8 */;
CREATE TABLE `t_item_stock` (
  `item_stock_id` int(11) NOT NULL AUTO_INCREMENT,
  `item_stock_num` int(11) NOT NULL DEFAULT '0' COMMENT '库存数量',
  `item_id` bigint(20) NOT NULL,
  `warehouse_id` int(11) NOT NULL COMMENT '仓库id',
  `item_enter_library_num` int(11) NOT NULL DEFAULT '0' COMMENT '进库数量',
  `item_out_library_num` int(11) NOT NULL DEFAULT '0',
  PRIMARY KEY (`item_stock_id`),
  KEY `w_item_id` (`item_id`),
  KEY `w_warehouse_id` (`warehouse_id`),
  KEY `item_stock_id` (`item_stock_id`) USING BTREE,
  CONSTRAINT `w_item_id` FOREIGN KEY (`item_id`) REFERENCES `t_item` (`item_id`) ON DELETE CASCADE ON UPDATE NO ACTION,
  CONSTRAINT `w_warehouse_id` FOREIGN KEY (`warehouse_id`) REFERENCES `t_warehouse` (`warehouse_id`) ON DELETE CASCADE ON UPDATE NO ACTION
) ENGINE=InnoDB AUTO_INCREMENT=144 DEFAULT CHARSET=utf8;
/*!40101 SET character_set_client = @saved_cs_client */;

--
-- Dumping data for table `t_item_stock`
--

LOCK TABLES `t_item_stock` WRITE;
/*!40000 ALTER TABLE `t_item_stock` DISABLE KEYS */;
INSERT INTO `t_item_stock` VALUES (101,2,103,1,2,0),(102,3,104,1,3,0),(103,8,105,2,8,0),(104,3,106,5,3,0),(105,44,107,3,44,0),(106,34,108,6,34,0),(107,43,109,1,43,0),(110,54,112,5,54,0),(111,23,113,6,23,0),(112,12,114,2,12,0),(113,7,115,1,7,0),(114,12,116,3,12,0),(115,3,117,1,3,0),(116,12,118,1,12,0),(117,54,119,1,54,0),(118,6,120,6,6,0),(119,3,121,1,3,0),(120,2,122,3,2,0),(121,6,123,1,6,0),(122,4,124,1,4,0),(123,3,125,2,3,0),(124,23,126,4,23,0),(126,33,128,1,33,0),(127,545,129,1,545,0),(128,77,130,1,77,0),(129,4,131,1,4,0),(130,5,132,1,5,0),(131,4,133,1,4,0),(132,5,134,1,5,0),(133,3,135,1,3,0),(141,0,143,1,0,0),(142,5,144,1,5,0),(143,6,145,1,6,0);
/*!40000 ALTER TABLE `t_item_stock` ENABLE KEYS */;
UNLOCK TABLES;

--
-- Table structure for table `t_item_type`
--

DROP TABLE IF EXISTS `t_item_type`;
/*!40101 SET @saved_cs_client     = @@character_set_client */;
/*!40101 SET character_set_client = utf8 */;
CREATE TABLE `t_item_type` (
  `item_type_id` int(11) NOT NULL AUTO_INCREMENT COMMENT '商品类型id',
  `item_type_name` varchar(100) NOT NULL COMMENT '商品类型名称',
  `item_classification_id` int(6) NOT NULL COMMENT '商品分类id',
  PRIMARY KEY (`item_type_id`),
  KEY `item_type_name` (`item_type_name`) USING BTREE,
  KEY `item_classification` (`item_classification_id`),
  CONSTRAINT `item_classification` FOREIGN KEY (`item_classification_id`) REFERENCES `t_item_classification` (`item_classification_id`) ON DELETE CASCADE ON UPDATE NO ACTION
) ENGINE=InnoDB AUTO_INCREMENT=16 DEFAULT CHARSET=utf8;
/*!40101 SET character_set_client = @saved_cs_client */;

--
-- Dumping data for table `t_item_type`
--

LOCK TABLES `t_item_type` WRITE;
/*!40000 ALTER TABLE `t_item_type` DISABLE KEYS */;
INSERT INTO `t_item_type` VALUES (1,'车型级别',1),(2,'座位',1),(3,'排量',1),(4,'变速箱',1),(5,'排放标准',1),(6,'燃油类型',1),(7,'驱动类型',1),(8,'车身类型',1),(9,'发动机零部件',2),(10,'变速器零部件',2),(11,'转向系统零部件',2),(12,'制动系统零部件',2),(13,'悬架零部件',2),(14,'前后桥零部件',2),(15,'车身零部件',2);
/*!40000 ALTER TABLE `t_item_type` ENABLE KEYS */;
UNLOCK TABLES;

--
-- Table structure for table `t_item_type_attribute`
--

DROP TABLE IF EXISTS `t_item_type_attribute`;
/*!40101 SET @saved_cs_client     = @@character_set_client */;
/*!40101 SET character_set_client = utf8 */;
CREATE TABLE `t_item_type_attribute` (
  `item_type_attr_id` int(11) NOT NULL COMMENT '商品类型属性id',
  `item_classification_id` int(2) NOT NULL COMMENT '商品类型id',
  `attribute_id` int(11) NOT NULL COMMENT '商品属性id',
  `attribute_type_id` int(11) NOT NULL,
  `index` int(5) DEFAULT NULL,
  PRIMARY KEY (`item_type_attr_id`),
  KEY `item_type_attr_id_type_id` (`item_type_attr_id`,`item_classification_id`) USING BTREE,
  KEY `item_classification_ids` (`item_classification_id`),
  KEY `attr_id` (`attribute_id`) USING BTREE,
  KEY `index` (`index`) USING BTREE,
  KEY `attr_type_id` (`attribute_type_id`),
  CONSTRAINT `attr_id` FOREIGN KEY (`attribute_id`) REFERENCES `t_item_attribute` (`attribute_id`) ON DELETE CASCADE ON UPDATE NO ACTION,
  CONSTRAINT `attr_type_id` FOREIGN KEY (`attribute_type_id`) REFERENCES `t_attribute_type` (`attribute_type_id`) ON DELETE CASCADE ON UPDATE NO ACTION,
  CONSTRAINT `item_classification_ids` FOREIGN KEY (`item_classification_id`) REFERENCES `t_item_classification` (`item_classification_id`) ON DELETE CASCADE ON UPDATE NO ACTION
) ENGINE=InnoDB DEFAULT CHARSET=utf8;
/*!40101 SET character_set_client = @saved_cs_client */;

--
-- Dumping data for table `t_item_type_attribute`
--

LOCK TABLES `t_item_type_attribute` WRITE;
/*!40000 ALTER TABLE `t_item_type_attribute` DISABLE KEYS */;
INSERT INTO `t_item_type_attribute` VALUES (1,1,1,1,1),(2,1,2,1,2),(3,1,3,1,3),(4,1,4,1,4),(9,1,60,1,9),(10,1,5,1,10),(11,1,6,1,11),(12,1,7,1,12),(13,1,9,1,13),(14,1,10,1,14),(15,1,11,2,1),(16,1,12,2,2),(17,1,13,2,3),(18,1,14,2,4),(19,1,15,2,5),(20,1,16,2,6),(21,1,17,2,7),(22,1,18,2,8),(23,1,19,2,9),(24,1,21,2,10),(25,1,22,2,11),(26,1,23,2,12),(27,1,24,2,13),(28,1,25,2,14),(29,1,26,3,1),(30,1,27,3,2),(31,1,28,3,3),(32,1,29,3,4),(33,1,30,3,5),(34,1,31,3,6),(35,1,32,3,7),(36,1,33,3,8),(37,1,34,3,9),(38,1,35,3,10),(39,1,36,3,11),(40,1,37,3,12),(41,1,38,3,13),(42,1,39,3,14),(43,1,40,3,15),(44,1,41,3,16),(45,1,42,3,17),(46,1,43,4,1),(47,1,44,4,2),(48,1,45,5,1),(49,1,46,5,2),(50,1,47,5,3),(51,1,48,5,4),(52,1,49,5,5),(53,1,50,6,1),(54,1,51,6,2),(55,1,52,6,3),(56,1,53,6,4),(57,1,54,6,5),(58,1,55,6,6),(63,2,60,1,19),(64,2,61,1,20);
/*!40000 ALTER TABLE `t_item_type_attribute` ENABLE KEYS */;
UNLOCK TABLES;

--
-- Table structure for table `t_item_type_value`
--

DROP TABLE IF EXISTS `t_item_type_value`;
/*!40101 SET @saved_cs_client     = @@character_set_client */;
/*!40101 SET character_set_client = utf8 */;
CREATE TABLE `t_item_type_value` (
  `item_type_value_id` int(11) NOT NULL,
  `item_type_value` varchar(50) DEFAULT NULL,
  `item_type_id` int(11) NOT NULL,
  PRIMARY KEY (`item_type_value_id`),
  KEY `item_type_id` (`item_type_id`),
  CONSTRAINT `item_type_id` FOREIGN KEY (`item_type_id`) REFERENCES `t_item_type` (`item_type_id`) ON DELETE CASCADE ON UPDATE NO ACTION
) ENGINE=InnoDB DEFAULT CHARSET=utf8;
/*!40101 SET character_set_client = @saved_cs_client */;

--
-- Dumping data for table `t_item_type_value`
--

LOCK TABLES `t_item_type_value` WRITE;
/*!40000 ALTER TABLE `t_item_type_value` DISABLE KEYS */;
INSERT INTO `t_item_type_value` VALUES (1,'微型车',1),(2,'小型车',1),(3,'紧凑型车',1),(4,'中型车',1),(5,'中大型车',1),(6,'大型车',1),(7,'SUV',1),(8,'MPV',1),(9,'跑车',1),(10,'2座',2),(11,'4座',2),(12,'5座',2),(13,'7座',2),(14,'手动',4),(15,'自动',4),(16,'1.0L以下',3),(17,'1.0-1.6L',3),(18,'1.6-2.0L',3),(19,'2.0-3.0L',3),(20,'3.0L以上',3),(21,'国二及以上',5),(22,'国三及以上',5),(23,'国四及以上',5),(24,'国五及以上',5),(25,'汽油',6),(26,'柴油',6),(27,'电动',6),(28,'四驱',7),(29,'两驱',7),(30,'两厢车',8),(31,'三厢车',8),(32,'硬顶敞篷车',8),(33,'软顶敞篷车 ',8),(34,'跑车',8),(35,'SUV',8),(36,'MVP',8);
/*!40000 ALTER TABLE `t_item_type_value` ENABLE KEYS */;
UNLOCK TABLES;

--
-- Table structure for table `t_look_car`
--

DROP TABLE IF EXISTS `t_look_car`;
/*!40101 SET @saved_cs_client     = @@character_set_client */;
/*!40101 SET character_set_client = utf8 */;
CREATE TABLE `t_look_car` (
  `look_car_id` int(11) NOT NULL AUTO_INCREMENT,
  `user_id` int(11) NOT NULL,
  `phone_num` varchar(15) NOT NULL,
  `item_id` bigint(20) NOT NULL,
  `state` int(3) NOT NULL DEFAULT '2',
  `look_car_date` int(11) DEFAULT NULL,
  `create_date` int(11) DEFAULT NULL,
  `order_state` int(2) DEFAULT '1',
  PRIMARY KEY (`look_car_id`),
  KEY `look_car_id` (`look_car_id`) USING BTREE,
  KEY `item_id` (`item_id`) USING BTREE,
  KEY `user_id` (`user_id`) USING BTREE,
  CONSTRAINT `l_customer_ids` FOREIGN KEY (`user_id`) REFERENCES `t_user` (`user_id`) ON DELETE CASCADE ON UPDATE NO ACTION,
  CONSTRAINT `l_item_id` FOREIGN KEY (`item_id`) REFERENCES `t_item` (`item_id`) ON DELETE CASCADE ON UPDATE NO ACTION
) ENGINE=InnoDB AUTO_INCREMENT=3 DEFAULT CHARSET=utf8;
/*!40101 SET character_set_client = @saved_cs_client */;

--
-- Dumping data for table `t_look_car`
--

LOCK TABLES `t_look_car` WRITE;
/*!40000 ALTER TABLE `t_look_car` DISABLE KEYS */;
/*!40000 ALTER TABLE `t_look_car` ENABLE KEYS */;
UNLOCK TABLES;

--
-- Table structure for table `t_order_detailed`
--

DROP TABLE IF EXISTS `t_order_detailed`;
/*!40101 SET @saved_cs_client     = @@character_set_client */;
/*!40101 SET character_set_client = utf8 */;
CREATE TABLE `t_order_detailed` (
  `order_detailed_id` int(11) NOT NULL AUTO_INCREMENT,
  `order_id` int(11) NOT NULL,
  `item_id` int(11) NOT NULL,
  `item_num` int(6) NOT NULL,
  PRIMARY KEY (`order_detailed_id`),
  KEY `itemOrderID` (`order_id`),
  CONSTRAINT `itemOrderID` FOREIGN KEY (`order_id`) REFERENCES `t_item_order` (`item_order_id`) ON DELETE CASCADE ON UPDATE NO ACTION
) ENGINE=InnoDB DEFAULT CHARSET=utf8;
/*!40101 SET character_set_client = @saved_cs_client */;

--
-- Dumping data for table `t_order_detailed`
--

LOCK TABLES `t_order_detailed` WRITE;
/*!40000 ALTER TABLE `t_order_detailed` DISABLE KEYS */;
/*!40000 ALTER TABLE `t_order_detailed` ENABLE KEYS */;
UNLOCK TABLES;

--
-- Table structure for table `t_repair`
--

DROP TABLE IF EXISTS `t_repair`;
/*!40101 SET @saved_cs_client     = @@character_set_client */;
/*!40101 SET character_set_client = utf8 */;
CREATE TABLE `t_repair` (
  `repair_id` int(11) NOT NULL AUTO_INCREMENT,
  `item_model_num` varchar(100) NOT NULL COMMENT '商品出厂编号',
  `customer_name` varchar(100) NOT NULL,
  `repair_type` varchar(255) DEFAULT NULL COMMENT '维修类型',
  `repair_date` int(11) DEFAULT NULL,
  `repair_cost` decimal(10,2) DEFAULT NULL COMMENT '维修费用',
  `car_code` varchar(255) NOT NULL,
  `repair_position` varchar(255) DEFAULT NULL,
  `repair_state` int(2) DEFAULT '1',
  `repair_code` varchar(255) DEFAULT NULL,
  `phone` varchar(255) DEFAULT NULL,
  PRIMARY KEY (`repair_id`),
  KEY `repairs_id` (`repair_id`) USING BTREE
) ENGINE=InnoDB AUTO_INCREMENT=8 DEFAULT CHARSET=utf8;
/*!40101 SET character_set_client = @saved_cs_client */;

--
-- Dumping data for table `t_repair`
--

LOCK TABLES `t_repair` WRITE;
/*!40000 ALTER TABLE `t_repair` DISABLE KEYS */;
INSERT INTO `t_repair` VALUES (7,'宝马','有好有坏','大幅度发',1522601244,898.00,'沪A4454','发的发',1,'980486541325369300','18907654433');
/*!40000 ALTER TABLE `t_repair` ENABLE KEYS */;
UNLOCK TABLES;

--
-- Table structure for table `t_role`
--

DROP TABLE IF EXISTS `t_role`;
/*!40101 SET @saved_cs_client     = @@character_set_client */;
/*!40101 SET character_set_client = utf8 */;
CREATE TABLE `t_role` (
  `role_id` int(11) NOT NULL AUTO_INCREMENT,
  `role_name` varchar(255) NOT NULL,
  `role_identity` varchar(255) DEFAULT NULL,
  PRIMARY KEY (`role_id`)
) ENGINE=InnoDB AUTO_INCREMENT=3 DEFAULT CHARSET=utf8;
/*!40101 SET character_set_client = @saved_cs_client */;

--
-- Dumping data for table `t_role`
--

LOCK TABLES `t_role` WRITE;
/*!40000 ALTER TABLE `t_role` DISABLE KEYS */;
INSERT INTO `t_role` VALUES (1,'管理员','管理后台'),(2,'普通用户','普通客户');
/*!40000 ALTER TABLE `t_role` ENABLE KEYS */;
UNLOCK TABLES;

--
-- Table structure for table `t_shopping_cart`
--

DROP TABLE IF EXISTS `t_shopping_cart`;
/*!40101 SET @saved_cs_client     = @@character_set_client */;
/*!40101 SET character_set_client = utf8 */;
CREATE TABLE `t_shopping_cart` (
  `shop_cart_id` int(11) NOT NULL AUTO_INCREMENT,
  `item_id` bigint(11) NOT NULL,
  `user_id` int(11) NOT NULL,
  `item_num` int(11) NOT NULL,
  `add_date` int(11) DEFAULT NULL,
  PRIMARY KEY (`shop_cart_id`),
  KEY `shop_cart_id` (`shop_cart_id`) USING BTREE,
  KEY `customer_id_cart` (`user_id`) USING BTREE,
  KEY `item_id_customer_id` (`item_id`,`user_id`) USING BTREE,
  CONSTRAINT `customer_id_cart` FOREIGN KEY (`user_id`) REFERENCES `t_user` (`user_id`) ON DELETE CASCADE ON UPDATE NO ACTION,
  CONSTRAINT `item_ida` FOREIGN KEY (`item_id`) REFERENCES `t_item` (`item_id`) ON DELETE CASCADE ON UPDATE NO ACTION
) ENGINE=InnoDB DEFAULT CHARSET=utf8;
/*!40101 SET character_set_client = @saved_cs_client */;

--
-- Dumping data for table `t_shopping_cart`
--

LOCK TABLES `t_shopping_cart` WRITE;
/*!40000 ALTER TABLE `t_shopping_cart` DISABLE KEYS */;
/*!40000 ALTER TABLE `t_shopping_cart` ENABLE KEYS */;
UNLOCK TABLES;

--
-- Table structure for table `t_spell_letter`
--

DROP TABLE IF EXISTS `t_spell_letter`;
/*!40101 SET @saved_cs_client     = @@character_set_client */;
/*!40101 SET character_set_client = utf8 */;
CREATE TABLE `t_spell_letter` (
  `spell_id` int(6) NOT NULL AUTO_INCREMENT,
  `spell_letter` varchar(20) NOT NULL,
  PRIMARY KEY (`spell_id`)
) ENGINE=InnoDB AUTO_INCREMENT=27 DEFAULT CHARSET=utf8;
/*!40101 SET character_set_client = @saved_cs_client */;

--
-- Dumping data for table `t_spell_letter`
--

LOCK TABLES `t_spell_letter` WRITE;
/*!40000 ALTER TABLE `t_spell_letter` DISABLE KEYS */;
INSERT INTO `t_spell_letter` VALUES (1,'A'),(2,'B'),(3,'C'),(4,'D'),(5,'E'),(6,'F'),(7,'G'),(8,'H'),(9,'I'),(10,'J'),(11,'K'),(12,'L'),(13,'M'),(14,'N'),(15,'O'),(16,'P'),(17,'Q'),(18,'R'),(19,'S'),(20,'T'),(21,'U'),(22,'V'),(23,'W'),(24,'X'),(25,'Y'),(26,'Z');
/*!40000 ALTER TABLE `t_spell_letter` ENABLE KEYS */;
UNLOCK TABLES;

--
-- Table structure for table `t_user`
--

DROP TABLE IF EXISTS `t_user`;
/*!40101 SET @saved_cs_client     = @@character_set_client */;
/*!40101 SET character_set_client = utf8 */;
CREATE TABLE `t_user` (
  `user_id` int(11) NOT NULL AUTO_INCREMENT,
  `user_name` varchar(60) NOT NULL,
  `user_password` varchar(80) DEFAULT NULL,
  `user_phone` varchar(20) DEFAULT NULL,
  `user_join_date` int(11) DEFAULT NULL,
  `user_show_name` varchar(20) DEFAULT NULL,
  `state` int(1) DEFAULT NULL,
  PRIMARY KEY (`user_id`)
) ENGINE=InnoDB AUTO_INCREMENT=20 DEFAULT CHARSET=utf8;
/*!40101 SET character_set_client = @saved_cs_client */;

--
-- Dumping data for table `t_user`
--

LOCK TABLES `t_user` WRITE;
/*!40000 ALTER TABLE `t_user` DISABLE KEYS */;
INSERT INTO `t_user` VALUES (1,'admin','admin','18759003932',1519711458,'张三',1),(2,'test','123456','17098778453',1519711458,'李四',1),(3,'wa','11111','18078909811',1521441545,'王让他',1),(4,'cvsdfsdf','fsdfd','65465465465',1521703181,'大概豆腐干豆腐',1),(7,'dasi','e10adc3949ba59abbe56e057f20f883e','180789098112',1521729482,'大四',1),(8,'gdgf','dfsdf','23423423423400',1521703181,'法规和认同',1),(9,'dgdfgdf','jkjhg','99889898789',1521703181,'大哥大法官',1),(10,'fsdfsdf','ghfghf','34345345345',1521703181,'大概地方',1),(14,'jhjhjh','88989','98989898989',1521703181,'而鬼地方个',1),(15,'王八',NULL,'13567890988',1522558573,NULL,0),(16,'六号',NULL,'13456789009',1522558863,NULL,0),(17,'ttt','e10adc3949ba59abbe56e057f20f883e','18907654565',1523450080,'里',1),(18,'trtr','e10adc3949ba59abbe56e057f20f883e','18097887654',1523450210,'给对方',1),(19,'wewe','123456','18909876543',1523450275,'古典风格',1);
/*!40000 ALTER TABLE `t_user` ENABLE KEYS */;
UNLOCK TABLES;

--
-- Table structure for table `t_user_role`
--

DROP TABLE IF EXISTS `t_user_role`;
/*!40101 SET @saved_cs_client     = @@character_set_client */;
/*!40101 SET character_set_client = utf8 */;
CREATE TABLE `t_user_role` (
  `user_id` int(11) NOT NULL,
  `role_id` int(11) NOT NULL,
  PRIMARY KEY (`user_id`,`role_id`),
  KEY `t_user_role_ibfk_2` (`role_id`),
  CONSTRAINT `t_user_role_ibfk_1` FOREIGN KEY (`user_id`) REFERENCES `t_user` (`user_id`) ON DELETE CASCADE ON UPDATE NO ACTION,
  CONSTRAINT `t_user_role_ibfk_2` FOREIGN KEY (`role_id`) REFERENCES `t_role` (`role_id`) ON DELETE CASCADE ON UPDATE NO ACTION
) ENGINE=InnoDB DEFAULT CHARSET=utf8;
/*!40101 SET character_set_client = @saved_cs_client */;

--
-- Dumping data for table `t_user_role`
--

LOCK TABLES `t_user_role` WRITE;
/*!40000 ALTER TABLE `t_user_role` DISABLE KEYS */;
INSERT INTO `t_user_role` VALUES (1,1),(2,2),(3,1),(4,2),(7,2),(8,2),(9,2),(10,2),(14,1),(17,2),(18,2),(19,2);
/*!40000 ALTER TABLE `t_user_role` ENABLE KEYS */;
UNLOCK TABLES;

--
-- Table structure for table `t_warehouse`
--

DROP TABLE IF EXISTS `t_warehouse`;
/*!40101 SET @saved_cs_client     = @@character_set_client */;
/*!40101 SET character_set_client = utf8 */;
CREATE TABLE `t_warehouse` (
  `warehouse_id` int(11) NOT NULL AUTO_INCREMENT,
  `warehouse_keeper` varchar(20) NOT NULL COMMENT '仓库编号',
  `warehouse_name` varchar(100) NOT NULL,
  PRIMARY KEY (`warehouse_id`),
  KEY `warehouse_id` (`warehouse_id`) USING BTREE,
  KEY `warehouse_num` (`warehouse_keeper`) USING BTREE
) ENGINE=InnoDB AUTO_INCREMENT=8 DEFAULT CHARSET=utf8;
/*!40101 SET character_set_client = @saved_cs_client */;

--
-- Dumping data for table `t_warehouse`
--

LOCK TABLES `t_warehouse` WRITE;
/*!40000 ALTER TABLE `t_warehouse` DISABLE KEYS */;
INSERT INTO `t_warehouse` VALUES (1,'张三','一号仓库'),(2,'王二','二号仓库'),(3,'李四','三号仓库'),(4,'赵六','四号仓库'),(5,'周奇','五号仓库'),(6,'武当','六号仓库'),(7,'招笑儿','七号仓库');
/*!40000 ALTER TABLE `t_warehouse` ENABLE KEYS */;
UNLOCK TABLES;
/*!40103 SET TIME_ZONE=@OLD_TIME_ZONE */;

/*!40101 SET SQL_MODE=@OLD_SQL_MODE */;
/*!40014 SET FOREIGN_KEY_CHECKS=@OLD_FOREIGN_KEY_CHECKS */;
/*!40014 SET UNIQUE_CHECKS=@OLD_UNIQUE_CHECKS */;
/*!40101 SET CHARACTER_SET_CLIENT=@OLD_CHARACTER_SET_CLIENT */;
/*!40101 SET CHARACTER_SET_RESULTS=@OLD_CHARACTER_SET_RESULTS */;
/*!40101 SET COLLATION_CONNECTION=@OLD_COLLATION_CONNECTION */;
/*!40111 SET SQL_NOTES=@OLD_SQL_NOTES */;

-- Dump completed on 2018-04-12 12:55:39
